file,line,type,commit,author,date,time,timezone,datetime,depth,length
style.css,1,css,74122008,manasamaddi1,2025-04-14,20:04:58,-07:00,2025-04-14T20:04:58-07:00,0,4
style.css,2,css,74122008,manasamaddi1,2025-04-14,20:04:58,-07:00,2025-04-14T20:04:58-07:00,1,23
style.css,3,css,47b89dac,manasamaddi1,2025-04-18,18:46:24,-07:00,2025-04-18T18:46:24-07:00,0,0
style.css,4,css,74122008,manasamaddi1,2025-04-14,20:04:58,-07:00,2025-04-14T20:04:58-07:00,0,0
style.css,5,css,74122008,manasamaddi1,2025-04-14,20:04:58,-07:00,2025-04-14T20:04:58-07:00,0,0
style.css,6,css,74122008,manasamaddi1,2025-04-14,20:04:58,-07:00,2025-04-14T20:04:58-07:00,0,0
style.css,7,css,aeef805a,manasamaddi1,2025-04-03,22:53:15,-07:00,2025-04-03T22:53:15-07:00,0,4
style.css,8,css,4cf58177,manasamaddi1,2025-04-09,16:49:50,-07:00,2025-04-09T16:49:50-07:00,1,23
style.css,9,css,acccdd35,manasamaddi1,2025-04-18,19:24:31,-07:00,2025-04-18T19:24:31-07:00,1,16
style.css,10,css,64d81dec,manasamaddi1,2025-04-09,17:02:02,-07:00,2025-04-09T17:02:02-07:00,1,42
style.css,11,css,acccdd35,manasamaddi1,2025-04-18,19:24:31,-07:00,2025-04-18T19:24:31-07:00,1,19
style.css,12,css,74122008,manasamaddi1,2025-04-14,20:04:58,-07:00,2025-04-14T20:04:58-07:00,1,23
style.css,13,css,74122008,manasamaddi1,2025-04-14,20:04:58,-07:00,2025-04-14T20:04:58-07:00,1,16
style.css,14,css,74122008,manasamaddi1,2025-04-14,20:04:58,-07:00,2025-04-14T20:04:58-07:00,1,8
style.css,15,css,74122008,manasamaddi1,2025-04-14,20:04:58,-07:00,2025-04-14T20:04:58-07:00,1,9
style.css,16,css,74122008,manasamaddi1,2025-04-14,20:04:58,-07:00,2025-04-14T20:04:58-07:00,1,22
style.css,17,css,74122008,manasamaddi1,2025-04-14,20:04:58,-07:00,2025-04-14T20:04:58-07:00,1,0
style.css,18,css,74122008,manasamaddi1,2025-04-14,20:04:58,-07:00,2025-04-14T20:04:58-07:00,0,0
style.css,19,css,47b89dac,manasamaddi1,2025-04-18,18:46:24,-07:00,2025-04-18T18:46:24-07:00,1,13
style.css,20,css,592424f2,manasamaddi1,2025-04-18,20:10:33,-07:00,2025-04-18T20:10:33-07:00,2,17
style.css,21,css,e416e1b5,manasamaddi1,2025-04-18,19:01:30,-07:00,2025-04-18T19:01:30-07:00,2,8
style.css,22,css,e416e1b5,manasamaddi1,2025-04-18,19:01:30,-07:00,2025-04-18T19:01:30-07:00,2,10
style.css,23,css,e416e1b5,manasamaddi1,2025-04-18,19:01:30,-07:00,2025-04-18T19:01:30-07:00,2,14
style.css,24,css,47b89dac,manasamaddi1,2025-04-18,18:46:24,-07:00,2025-04-18T18:46:24-07:00,2,19
style.css,25,css,ca43eb1e,manasamaddi1,2025-04-18,19:38:44,-07:00,2025-04-18T19:38:44-07:00,2,22
style.css,26,css,ca43eb1e,manasamaddi1,2025-04-18,19:38:44,-07:00,2025-04-18T19:38:44-07:00,2,16
style.css,27,css,e416e1b5,manasamaddi1,2025-04-18,19:01:30,-07:00,2025-04-18T19:01:30-07:00,2,21
style.css,28,css,e416e1b5,manasamaddi1,2025-04-18,19:01:30,-07:00,2025-04-18T19:01:30-07:00,2,17
style.css,29,css,e416e1b5,manasamaddi1,2025-04-18,19:01:30,-07:00,2025-04-18T19:01:30-07:00,2,12
style.css,30,css,ca43eb1e,manasamaddi1,2025-04-18,19:38:44,-07:00,2025-04-18T19:38:44-07:00,2,12
style.css,31,css,ca43eb1e,manasamaddi1,2025-04-18,19:38:44,-07:00,2025-04-18T19:38:44-07:00,2,18
style.css,32,css,ca43eb1e,manasamaddi1,2025-04-18,19:38:44,-07:00,2025-04-18T19:38:44-07:00,2,10
style.css,33,css,47b89dac,manasamaddi1,2025-04-18,18:46:24,-07:00,2025-04-18T18:46:24-07:00,1,0
style.css,34,css,e416e1b5,manasamaddi1,2025-04-18,19:01:30,-07:00,2025-04-18T19:01:30-07:00,1,0
style.css,35,css,ca43eb1e,manasamaddi1,2025-04-18,19:38:44,-07:00,2025-04-18T19:38:44-07:00,1,0
style.css,36,css,47b89dac,manasamaddi1,2025-04-18,18:46:24,-07:00,2025-04-18T18:46:24-07:00,0,0
style.css,37,css,47b89dac,manasamaddi1,2025-04-18,18:46:24,-07:00,2025-04-18T18:46:24-07:00,1,6
style.css,38,css,47b89dac,manasamaddi1,2025-04-18,18:46:24,-07:00,2025-04-18T18:46:24-07:00,2,12
style.css,39,css,13fdb856,manasamaddi1,2025-04-18,20:12:11,-07:00,2025-04-18T20:12:11-07:00,2,22
style.css,40,css,13fdb856,manasamaddi1,2025-04-18,20:12:11,-07:00,2025-04-18T20:12:11-07:00,2,11
style.css,41,css,47b89dac,manasamaddi1,2025-04-18,18:46:24,-07:00,2025-04-18T18:46:24-07:00,2,21
style.css,42,css,47b89dac,manasamaddi1,2025-04-18,18:46:24,-07:00,2025-04-18T18:46:24-07:00,2,17
style.css,43,css,47b89dac,manasamaddi1,2025-04-18,18:46:24,-07:00,2025-04-18T18:46:24-07:00,2,15
style.css,44,css,47b89dac,manasamaddi1,2025-04-18,18:46:24,-07:00,2025-04-18T18:46:24-07:00,2,19
style.css,45,css,13fdb856,manasamaddi1,2025-04-18,20:12:11,-07:00,2025-04-18T20:12:11-07:00,2,15
style.css,46,css,47b89dac,manasamaddi1,2025-04-18,18:46:24,-07:00,2025-04-18T18:46:24-07:00,1,0
style.css,47,css,47b89dac,manasamaddi1,2025-04-18,18:46:24,-07:00,2025-04-18T18:46:24-07:00,1,0
style.css,48,css,47b89dac,manasamaddi1,2025-04-18,18:46:24,-07:00,2025-04-18T18:46:24-07:00,1,0
style.css,49,css,47b89dac,manasamaddi1,2025-04-18,18:46:24,-07:00,2025-04-18T18:46:24-07:00,0,0
style.css,50,css,64d81dec,manasamaddi1,2025-04-09,17:02:02,-07:00,2025-04-09T17:02:02-07:00,0,0
style.css,51,css,0889907c,manasamaddi1,2025-04-09,18:19:50,-07:00,2025-04-09T18:19:50-07:00,0,8
style.css,52,css,0889907c,manasamaddi1,2025-04-09,18:19:50,-07:00,2025-04-09T18:19:50-07:00,1,15
style.css,53,css,0889907c,manasamaddi1,2025-04-09,18:19:50,-07:00,2025-04-09T18:19:50-07:00,1,42
style.css,54,css,0889907c,manasamaddi1,2025-04-09,18:19:50,-07:00,2025-04-09T18:19:50-07:00,1,19
style.css,55,css,0889907c,manasamaddi1,2025-04-09,18:19:50,-07:00,2025-04-09T18:19:50-07:00,0,0
style.css,56,css,0889907c,manasamaddi1,2025-04-09,18:19:50,-07:00,2025-04-09T18:19:50-07:00,0,0
style.css,57,css,64d81dec,manasamaddi1,2025-04-09,17:02:02,-07:00,2025-04-09T17:02:02-07:00,0,3
style.css,58,css,64d81dec,manasamaddi1,2025-04-09,17:02:02,-07:00,2025-04-09T17:02:02-07:00,1,12
style.css,59,css,74122008,manasamaddi1,2025-04-14,20:04:58,-07:00,2025-04-14T20:04:58-07:00,1,22
style.css,60,css,74122008,manasamaddi1,2025-04-14,20:04:58,-07:00,2025-04-14T20:04:58-07:00,1,8
style.css,61,css,74122008,manasamaddi1,2025-04-14,20:04:58,-07:00,2025-04-14T20:04:58-07:00,1,43
style.css,62,css,47b89dac,manasamaddi1,2025-04-18,18:46:24,-07:00,2025-04-18T18:46:24-07:00,1,12
style.css,63,css,74122008,manasamaddi1,2025-04-14,20:04:58,-07:00,2025-04-14T20:04:58-07:00,1,23
style.css,64,css,74122008,manasamaddi1,2025-04-14,20:04:58,-07:00,2025-04-14T20:04:58-07:00,1,16
style.css,65,css,a207eb50,manasamaddi1,2025-04-14,18:57:55,-07:00,2025-04-14T18:57:55-07:00,1,39
style.css,66,css,64d81dec,manasamaddi1,2025-04-09,17:02:02,-07:00,2025-04-09T17:02:02-07:00,0,0
style.css,67,css,64d81dec,manasamaddi1,2025-04-09,17:02:02,-07:00,2025-04-09T17:02:02-07:00,0,0
style.css,68,css,74122008,manasamaddi1,2025-04-14,20:04:58,-07:00,2025-04-14T20:04:58-07:00,0,0
style.css,69,css,47b89dac,manasamaddi1,2025-04-18,18:46:24,-07:00,2025-04-18T18:46:24-07:00,0,0
style.css,70,css,64d81dec,manasamaddi1,2025-04-09,17:02:02,-07:00,2025-04-09T17:02:02-07:00,0,5
style.css,71,css,64d81dec,manasamaddi1,2025-04-09,17:02:02,-07:00,2025-04-09T17:02:02-07:00,1,20
style.css,72,css,2d61f59b,manasamaddi1,2025-04-09,17:11:19,-07:00,2025-04-09T17:11:19-07:00,1,13
style.css,73,css,e9b97a5d,manasamaddi1,2025-04-09,17:25:53,-07:00,2025-04-09T17:25:53-07:00,1,13
style.css,74,css,e9b97a5d,manasamaddi1,2025-04-09,17:25:53,-07:00,2025-04-09T17:25:53-07:00,1,6
style.css,75,css,53626e8d,manasamaddi1,2025-04-17,18:49:03,-07:00,2025-04-17T18:49:03-07:00,0,0
style.css,76,css,53626e8d,manasamaddi1,2025-04-17,18:49:03,-07:00,2025-04-17T18:49:03-07:00,1,17
style.css,77,css,53626e8d,manasamaddi1,2025-04-17,18:49:03,-07:00,2025-04-17T18:49:03-07:00,1,12
style.css,78,css,53626e8d,manasamaddi1,2025-04-17,18:49:03,-07:00,2025-04-17T18:49:03-07:00,1,18
style.css,79,css,53626e8d,manasamaddi1,2025-04-17,18:49:03,-07:00,2025-04-17T18:49:03-07:00,1,22
style.css,80,css,64d81dec,manasamaddi1,2025-04-09,17:02:02,-07:00,2025-04-09T17:02:02-07:00,0,0
style.css,81,css,64d81dec,manasamaddi1,2025-04-09,17:02:02,-07:00,2025-04-09T17:02:02-07:00,0,0
style.css,82,css,64d81dec,manasamaddi1,2025-04-09,17:02:02,-07:00,2025-04-09T17:02:02-07:00,0,13
style.css,83,css,2d61f59b,manasamaddi1,2025-04-09,17:11:19,-07:00,2025-04-09T17:11:19-07:00,1,25
style.css,84,css,2d61f59b,manasamaddi1,2025-04-09,17:11:19,-07:00,2025-04-09T17:11:19-07:00,1,25
style.css,85,css,4538c023,manasamaddi1,2025-04-09,17:41:26,-07:00,2025-04-09T17:41:26-07:00,1,39
style.css,86,css,152e3b8b,manasamaddi1,2025-04-09,18:28:13,-07:00,2025-04-09T18:28:13-07:00,1,20
style.css,87,css,74122008,manasamaddi1,2025-04-14,20:04:58,-07:00,2025-04-14T20:04:58-07:00,1,69
style.css,88,css,e9b97a5d,manasamaddi1,2025-04-09,17:25:53,-07:00,2025-04-09T17:25:53-07:00,0,0
style.css,89,css,e9b97a5d,manasamaddi1,2025-04-09,17:25:53,-07:00,2025-04-09T17:25:53-07:00,0,0
style.css,90,css,92467c08,manasamaddi1,2025-04-09,17:40:26,-07:00,2025-04-09T17:40:26-07:00,0,11
style.css,91,css,74122008,manasamaddi1,2025-04-14,20:04:58,-07:00,2025-04-14T20:04:58-07:00,1,69
style.css,92,css,92467c08,manasamaddi1,2025-04-09,17:40:26,-07:00,2025-04-09T17:40:26-07:00,1,25
style.css,93,css,92467c08,manasamaddi1,2025-04-09,17:40:26,-07:00,2025-04-09T17:40:26-07:00,1,25
style.css,94,css,92467c08,manasamaddi1,2025-04-09,17:40:26,-07:00,2025-04-09T17:40:26-07:00,1,39
style.css,95,css,92467c08,manasamaddi1,2025-04-09,17:40:26,-07:00,2025-04-09T17:40:26-07:00,1,20
style.css,96,css,74122008,manasamaddi1,2025-04-14,20:04:58,-07:00,2025-04-14T20:04:58-07:00,1,0
style.css,97,css,92467c08,manasamaddi1,2025-04-09,17:40:26,-07:00,2025-04-09T17:40:26-07:00,0,0
style.css,98,css,92467c08,manasamaddi1,2025-04-09,17:40:26,-07:00,2025-04-09T17:40:26-07:00,0,0
style.css,99,css,92467c08,manasamaddi1,2025-04-09,17:40:26,-07:00,2025-04-09T17:40:26-07:00,0,0
style.css,100,css,e9b97a5d,manasamaddi1,2025-04-09,17:25:53,-07:00,2025-04-09T17:25:53-07:00,0,0
style.css,101,css,e9b97a5d,manasamaddi1,2025-04-09,17:25:53,-07:00,2025-04-09T17:25:53-07:00,0,2
style.css,102,css,e9b97a5d,manasamaddi1,2025-04-09,17:25:53,-07:00,2025-04-09T17:25:53-07:00,1,17
style.css,103,css,e9b97a5d,manasamaddi1,2025-04-09,17:25:53,-07:00,2025-04-09T17:25:53-07:00,0,0
style.css,104,css,e9b97a5d,manasamaddi1,2025-04-09,17:25:53,-07:00,2025-04-09T17:25:53-07:00,0,0
style.css,105,css,e9b97a5d,manasamaddi1,2025-04-09,17:25:53,-07:00,2025-04-09T17:25:53-07:00,0,3
style.css,106,css,e9b97a5d,manasamaddi1,2025-04-09,17:25:53,-07:00,2025-04-09T17:25:53-07:00,1,13
style.css,107,css,e9b97a5d,manasamaddi1,2025-04-09,17:25:53,-07:00,2025-04-09T17:25:53-07:00,1,13
style.css,108,css,e9b97a5d,manasamaddi1,2025-04-09,17:25:53,-07:00,2025-04-09T17:25:53-07:00,1,14
style.css,109,css,e9b97a5d,manasamaddi1,2025-04-09,17:25:53,-07:00,2025-04-09T17:25:53-07:00,1,11
style.css,110,css,e9b97a5d,manasamaddi1,2025-04-09,17:25:53,-07:00,2025-04-09T17:25:53-07:00,0,0
style.css,111,css,e9b97a5d,manasamaddi1,2025-04-09,17:25:53,-07:00,2025-04-09T17:25:53-07:00,0,0
style.css,112,css,0889907c,manasamaddi1,2025-04-09,18:19:50,-07:00,2025-04-09T18:19:50-07:00,0,0
style.css,113,css,92467c08,manasamaddi1,2025-04-09,17:40:26,-07:00,2025-04-09T17:40:26-07:00,0,0
style.css,114,css,92467c08,manasamaddi1,2025-04-09,17:40:26,-07:00,2025-04-09T17:40:26-07:00,0,5
style.css,115,css,152e3b8b,manasamaddi1,2025-04-09,18:28:13,-07:00,2025-04-09T18:28:13-07:00,1,33
style.css,116,css,152e3b8b,manasamaddi1,2025-04-09,18:28:13,-07:00,2025-04-09T18:28:13-07:00,1,32
style.css,117,css,92467c08,manasamaddi1,2025-04-09,17:40:26,-07:00,2025-04-09T17:40:26-07:00,0,0
style.css,118,css,92467c08,manasamaddi1,2025-04-09,17:40:26,-07:00,2025-04-09T17:40:26-07:00,0,0
style.css,119,css,0889907c,manasamaddi1,2025-04-09,18:19:50,-07:00,2025-04-09T18:19:50-07:00,0,23
style.css,120,css,0889907c,manasamaddi1,2025-04-09,18:19:50,-07:00,2025-04-09T18:19:50-07:00,1,12
style.css,121,css,0889907c,manasamaddi1,2025-04-09,18:19:50,-07:00,2025-04-09T18:19:50-07:00,0,0
style.css,122,css,0889907c,manasamaddi1,2025-04-09,18:19:50,-07:00,2025-04-09T18:19:50-07:00,0,0
style.css,123,css,0889907c,manasamaddi1,2025-04-09,18:19:50,-07:00,2025-04-09T18:19:50-07:00,0,8
style.css,124,css,0889907c,manasamaddi1,2025-04-09,18:19:50,-07:00,2025-04-09T18:19:50-07:00,1,12
style.css,125,css,0889907c,manasamaddi1,2025-04-09,18:19:50,-07:00,2025-04-09T18:19:50-07:00,1,20
style.css,126,css,0889907c,manasamaddi1,2025-04-09,18:19:50,-07:00,2025-04-09T18:19:50-07:00,1,9
style.css,127,css,0889907c,manasamaddi1,2025-04-09,18:19:50,-07:00,2025-04-09T18:19:50-07:00,1,17
style.css,128,css,0889907c,manasamaddi1,2025-04-09,18:19:50,-07:00,2025-04-09T18:19:50-07:00,0,0
style.css,129,css,0889907c,manasamaddi1,2025-04-09,18:19:50,-07:00,2025-04-09T18:19:50-07:00,0,0
style.css,130,css,0889907c,manasamaddi1,2025-04-09,18:19:50,-07:00,2025-04-09T18:19:50-07:00,0,4
style.css,131,css,0889907c,manasamaddi1,2025-04-09,18:19:50,-07:00,2025-04-09T18:19:50-07:00,1,12
style.css,132,css,0889907c,manasamaddi1,2025-04-09,18:19:50,-07:00,2025-04-09T18:19:50-07:00,1,30
style.css,133,css,0889907c,manasamaddi1,2025-04-09,18:19:50,-07:00,2025-04-09T18:19:50-07:00,1,7
style.css,134,css,0889907c,manasamaddi1,2025-04-09,18:19:50,-07:00,2025-04-09T18:19:50-07:00,1,18
style.css,135,css,0889907c,manasamaddi1,2025-04-09,18:19:50,-07:00,2025-04-09T18:19:50-07:00,0,0
style.css,136,css,0889907c,manasamaddi1,2025-04-09,18:19:50,-07:00,2025-04-09T18:19:50-07:00,0,0
style.css,137,css,0889907c,manasamaddi1,2025-04-09,18:19:50,-07:00,2025-04-09T18:19:50-07:00,0,5
style.css,138,css,0889907c,manasamaddi1,2025-04-09,18:19:50,-07:00,2025-04-09T18:19:50-07:00,1,16
style.css,139,css,0889907c,manasamaddi1,2025-04-09,18:19:50,-07:00,2025-04-09T18:19:50-07:00,0,0
style.css,140,css,0889907c,manasamaddi1,2025-04-09,18:19:50,-07:00,2025-04-09T18:19:50-07:00,0,0
style.css,141,css,0889907c,manasamaddi1,2025-04-09,18:19:50,-07:00,2025-04-09T18:19:50-07:00,0,4
style.css,142,css,0889907c,manasamaddi1,2025-04-09,18:19:50,-07:00,2025-04-09T18:19:50-07:00,0,7
style.css,143,css,0889907c,manasamaddi1,2025-04-09,18:19:50,-07:00,2025-04-09T18:19:50-07:00,0,6
style.css,144,css,0889907c,manasamaddi1,2025-04-09,18:19:50,-07:00,2025-04-09T18:19:50-07:00,1,10
style.css,145,css,0889907c,manasamaddi1,2025-04-09,18:19:50,-07:00,2025-04-09T18:19:50-07:00,1,21
style.css,146,css,0889907c,manasamaddi1,2025-04-09,18:19:50,-07:00,2025-04-09T18:19:50-07:00,1,12
style.css,147,css,0889907c,manasamaddi1,2025-04-09,18:19:50,-07:00,2025-04-09T18:19:50-07:00,0,0
style.css,148,css,0889907c,manasamaddi1,2025-04-09,18:19:50,-07:00,2025-04-09T18:19:50-07:00,0,0
style.css,149,css,0889907c,manasamaddi1,2025-04-09,18:19:50,-07:00,2025-04-09T18:19:50-07:00,0,6
style.css,150,css,0889907c,manasamaddi1,2025-04-09,18:19:50,-07:00,2025-04-09T18:19:50-07:00,1,18
style.css,151,css,0889907c,manasamaddi1,2025-04-09,18:19:50,-07:00,2025-04-09T18:19:50-07:00,0,0
style.css,152,css,0889907c,manasamaddi1,2025-04-09,18:19:50,-07:00,2025-04-09T18:19:50-07:00,0,0
style.css,153,css,0889907c,manasamaddi1,2025-04-09,18:19:50,-07:00,2025-04-09T18:19:50-07:00,0,9
style.css,154,css,0889907c,manasamaddi1,2025-04-09,18:19:50,-07:00,2025-04-09T18:19:50-07:00,1,12
style.css,155,css,0889907c,manasamaddi1,2025-04-09,18:19:50,-07:00,2025-04-09T18:19:50-07:00,1,58
style.css,156,css,acccdd35,manasamaddi1,2025-04-18,19:24:31,-07:00,2025-04-18T19:24:31-07:00,1,7
style.css,157,css,0889907c,manasamaddi1,2025-04-09,18:19:50,-07:00,2025-04-09T18:19:50-07:00,1,17
style.css,158,css,d6c6b8f6,manasamaddi1,2025-04-30,23:27:47,-07:00,2025-04-30T23:27:47-07:00,1,15
style.css,159,css,0889907c,manasamaddi1,2025-04-09,18:19:50,-07:00,2025-04-09T18:19:50-07:00,0,0
style.css,160,css,0889907c,manasamaddi1,2025-04-09,18:19:50,-07:00,2025-04-09T18:19:50-07:00,0,0
style.css,161,css,0889907c,manasamaddi1,2025-04-09,18:19:50,-07:00,2025-04-09T18:19:50-07:00,0,0
style.css,162,css,0889907c,manasamaddi1,2025-04-09,18:19:50,-07:00,2025-04-09T18:19:50-07:00,0,12
style.css,163,css,acccdd35,manasamaddi1,2025-04-18,19:24:31,-07:00,2025-04-18T19:24:31-07:00,1,16
style.css,164,css,47b89dac,manasamaddi1,2025-04-18,18:46:24,-07:00,2025-04-18T18:46:24-07:00,1,15
style.css,165,css,47b89dac,manasamaddi1,2025-04-18,18:46:24,-07:00,2025-04-18T18:46:24-07:00,1,40
style.css,166,css,47b89dac,manasamaddi1,2025-04-18,18:46:24,-07:00,2025-04-18T18:46:24-07:00,1,28
style.css,167,css,acccdd35,manasamaddi1,2025-04-18,19:24:31,-07:00,2025-04-18T19:24:31-07:00,1,20
style.css,168,css,acccdd35,manasamaddi1,2025-04-18,19:24:31,-07:00,2025-04-18T19:24:31-07:00,1,19
style.css,169,css,acccdd35,manasamaddi1,2025-04-18,19:24:31,-07:00,2025-04-18T19:24:31-07:00,1,15
style.css,170,css,acccdd35,manasamaddi1,2025-04-18,19:24:31,-07:00,2025-04-18T19:24:31-07:00,1,21
style.css,171,css,acccdd35,manasamaddi1,2025-04-18,19:24:31,-07:00,2025-04-18T19:24:31-07:00,1,24
style.css,172,css,acccdd35,manasamaddi1,2025-04-18,19:24:31,-07:00,2025-04-18T19:24:31-07:00,1,12
style.css,173,css,0889907c,manasamaddi1,2025-04-09,18:19:50,-07:00,2025-04-09T18:19:50-07:00,0,0
style.css,174,css,0889907c,manasamaddi1,2025-04-09,18:19:50,-07:00,2025-04-09T18:19:50-07:00,0,0
style.css,175,css,0889907c,manasamaddi1,2025-04-09,18:19:50,-07:00,2025-04-09T18:19:50-07:00,0,0
style.css,176,css,47b89dac,manasamaddi1,2025-04-18,18:46:24,-07:00,2025-04-18T18:46:24-07:00,0,0
style.css,177,css,acccdd35,manasamaddi1,2025-04-18,19:24:31,-07:00,2025-04-18T19:24:31-07:00,0,0
style.css,178,css,152e3b8b,manasamaddi1,2025-04-09,18:28:13,-07:00,2025-04-09T18:28:13-07:00,0,22
style.css,179,css,152e3b8b,manasamaddi1,2025-04-09,18:28:13,-07:00,2025-04-09T18:28:13-07:00,1,15
style.css,180,css,152e3b8b,manasamaddi1,2025-04-09,18:28:13,-07:00,2025-04-09T18:28:13-07:00,1,17
style.css,181,css,152e3b8b,manasamaddi1,2025-04-09,18:28:13,-07:00,2025-04-09T18:28:13-07:00,1,18
style.css,182,css,152e3b8b,manasamaddi1,2025-04-09,18:28:13,-07:00,2025-04-09T18:28:13-07:00,0,0
style.css,183,css,152e3b8b,manasamaddi1,2025-04-09,18:28:13,-07:00,2025-04-09T18:28:13-07:00,0,0
style.css,184,css,152e3b8b,manasamaddi1,2025-04-09,18:28:13,-07:00,2025-04-09T18:28:13-07:00,0,2
style.css,185,css,152e3b8b,manasamaddi1,2025-04-09,18:28:13,-07:00,2025-04-09T18:28:13-07:00,1,14
style.css,186,css,152e3b8b,manasamaddi1,2025-04-09,18:28:13,-07:00,2025-04-09T18:28:13-07:00,0,0
style.css,187,css,152e3b8b,manasamaddi1,2025-04-09,18:28:13,-07:00,2025-04-09T18:28:13-07:00,0,0
style.css,188,css,47b89dac,manasamaddi1,2025-04-18,18:46:24,-07:00,2025-04-18T18:46:24-07:00,0,0
style.css,189,css,152e3b8b,manasamaddi1,2025-04-09,18:28:13,-07:00,2025-04-09T18:28:13-07:00,0,0
style.css,190,css,152e3b8b,manasamaddi1,2025-04-09,18:28:13,-07:00,2025-04-09T18:28:13-07:00,0,0
style.css,191,css,152e3b8b,manasamaddi1,2025-04-09,18:28:13,-07:00,2025-04-09T18:28:13-07:00,0,4
style.css,192,css,152e3b8b,manasamaddi1,2025-04-09,18:28:13,-07:00,2025-04-09T18:28:13-07:00,1,23
style.css,193,css,152e3b8b,manasamaddi1,2025-04-09,18:28:13,-07:00,2025-04-09T18:28:13-07:00,1,15
style.css,194,css,152e3b8b,manasamaddi1,2025-04-09,18:28:13,-07:00,2025-04-09T18:28:13-07:00,1,42
style.css,195,css,152e3b8b,manasamaddi1,2025-04-09,18:28:13,-07:00,2025-04-09T18:28:13-07:00,1,19
style.css,196,css,152e3b8b,manasamaddi1,2025-04-09,18:28:13,-07:00,2025-04-09T18:28:13-07:00,0,0
style.css,197,css,152e3b8b,manasamaddi1,2025-04-09,18:28:13,-07:00,2025-04-09T18:28:13-07:00,0,0
style.css,198,css,152e3b8b,manasamaddi1,2025-04-09,18:28:13,-07:00,2025-04-09T18:28:13-07:00,0,2
style.css,199,css,152e3b8b,manasamaddi1,2025-04-09,18:28:13,-07:00,2025-04-09T18:28:13-07:00,1,16
style.css,200,css,152e3b8b,manasamaddi1,2025-04-09,18:28:13,-07:00,2025-04-09T18:28:13-07:00,1,17
style.css,201,css,152e3b8b,manasamaddi1,2025-04-09,18:28:13,-07:00,2025-04-09T18:28:13-07:00,1,17
style.css,202,css,152e3b8b,manasamaddi1,2025-04-09,18:28:13,-07:00,2025-04-09T18:28:13-07:00,0,0
style.css,203,css,152e3b8b,manasamaddi1,2025-04-09,18:28:13,-07:00,2025-04-09T18:28:13-07:00,0,0
style.css,204,css,152e3b8b,manasamaddi1,2025-04-09,18:28:13,-07:00,2025-04-09T18:28:13-07:00,0,2
style.css,205,css,152e3b8b,manasamaddi1,2025-04-09,18:28:13,-07:00,2025-04-09T18:28:13-07:00,1,17
style.css,206,css,152e3b8b,manasamaddi1,2025-04-09,18:28:13,-07:00,2025-04-09T18:28:13-07:00,1,15
style.css,207,css,152e3b8b,manasamaddi1,2025-04-09,18:28:13,-07:00,2025-04-09T18:28:13-07:00,1,40
style.css,208,css,152e3b8b,manasamaddi1,2025-04-09,18:28:13,-07:00,2025-04-09T18:28:13-07:00,1,28
style.css,209,css,152e3b8b,manasamaddi1,2025-04-09,18:28:13,-07:00,2025-04-09T18:28:13-07:00,1,20
style.css,210,css,152e3b8b,manasamaddi1,2025-04-09,18:28:13,-07:00,2025-04-09T18:28:13-07:00,0,0
style.css,211,css,152e3b8b,manasamaddi1,2025-04-09,18:28:13,-07:00,2025-04-09T18:28:13-07:00,0,0
style.css,212,css,152e3b8b,manasamaddi1,2025-04-09,18:28:13,-07:00,2025-04-09T18:28:13-07:00,0,7
style.css,213,css,152e3b8b,manasamaddi1,2025-04-09,18:28:13,-07:00,2025-04-09T18:28:13-07:00,1,18
style.css,214,css,152e3b8b,manasamaddi1,2025-04-09,18:28:13,-07:00,2025-04-09T18:28:13-07:00,0,0
style.css,215,css,152e3b8b,manasamaddi1,2025-04-09,18:28:13,-07:00,2025-04-09T18:28:13-07:00,0,0
style.css,216,css,152e3b8b,manasamaddi1,2025-04-09,18:28:13,-07:00,2025-04-09T18:28:13-07:00,0,7
style.css,217,css,152e3b8b,manasamaddi1,2025-04-09,18:28:13,-07:00,2025-04-09T18:28:13-07:00,1,15
style.css,218,css,152e3b8b,manasamaddi1,2025-04-09,18:28:13,-07:00,2025-04-09T18:28:13-07:00,1,17
style.css,219,css,152e3b8b,manasamaddi1,2025-04-09,18:28:13,-07:00,2025-04-09T18:28:13-07:00,1,29
style.css,220,css,152e3b8b,manasamaddi1,2025-04-09,18:28:13,-07:00,2025-04-09T18:28:13-07:00,0,0
style.css,221,css,152e3b8b,manasamaddi1,2025-04-09,18:28:13,-07:00,2025-04-09T18:28:13-07:00,0,0
style.css,222,css,152e3b8b,manasamaddi1,2025-04-09,18:28:13,-07:00,2025-04-09T18:28:13-07:00,0,14
style.css,223,css,152e3b8b,manasamaddi1,2025-04-09,18:28:13,-07:00,2025-04-09T18:28:13-07:00,1,16
style.css,224,css,152e3b8b,manasamaddi1,2025-04-09,18:28:13,-07:00,2025-04-09T18:28:13-07:00,1,16
style.css,225,css,152e3b8b,manasamaddi1,2025-04-09,18:28:13,-07:00,2025-04-09T18:28:13-07:00,1,19
style.css,226,css,152e3b8b,manasamaddi1,2025-04-09,18:28:13,-07:00,2025-04-09T18:28:13-07:00,0,0
style.css,227,css,152e3b8b,manasamaddi1,2025-04-09,18:28:13,-07:00,2025-04-09T18:28:13-07:00,0,0
style.css,228,css,efcc734a,manasamaddi1,2025-04-25,18:05:42,-07:00,2025-04-25T18:05:42-07:00,0,20
style.css,229,css,efcc734a,manasamaddi1,2025-04-25,18:05:42,-07:00,2025-04-25T18:05:42-07:00,1,18
style.css,230,css,efcc734a,manasamaddi1,2025-04-25,18:05:42,-07:00,2025-04-25T18:05:42-07:00,1,21
style.css,231,css,efcc734a,manasamaddi1,2025-04-25,18:05:42,-07:00,2025-04-25T18:05:42-07:00,1,28
style.css,232,css,efcc734a,manasamaddi1,2025-04-25,18:05:42,-07:00,2025-04-25T18:05:42-07:00,1,15
style.css,233,css,152e3b8b,manasamaddi1,2025-04-09,18:28:13,-07:00,2025-04-09T18:28:13-07:00,0,0
style.css,234,css,152e3b8b,manasamaddi1,2025-04-09,18:28:13,-07:00,2025-04-09T18:28:13-07:00,0,0
style.css,235,css,efcc734a,manasamaddi1,2025-04-25,18:05:42,-07:00,2025-04-25T18:05:42-07:00,0,0
style.css,236,css,efcc734a,manasamaddi1,2025-04-25,18:05:42,-07:00,2025-04-25T18:05:42-07:00,0,0
style.css,237,css,152e3b8b,manasamaddi1,2025-04-09,18:28:13,-07:00,2025-04-09T18:28:13-07:00,0,2
style.css,238,css,152e3b8b,manasamaddi1,2025-04-09,18:28:13,-07:00,2025-04-09T18:28:13-07:00,1,20
style.css,239,css,152e3b8b,manasamaddi1,2025-04-09,18:28:13,-07:00,2025-04-09T18:28:13-07:00,1,26
style.css,240,css,152e3b8b,manasamaddi1,2025-04-09,18:28:13,-07:00,2025-04-09T18:28:13-07:00,0,0
style.css,241,css,152e3b8b,manasamaddi1,2025-04-09,18:28:13,-07:00,2025-04-09T18:28:13-07:00,0,0
style.css,242,css,152e3b8b,manasamaddi1,2025-04-09,18:28:13,-07:00,2025-04-09T18:28:13-07:00,0,5
style.css,243,css,152e3b8b,manasamaddi1,2025-04-09,18:28:13,-07:00,2025-04-09T18:28:13-07:00,1,20
style.css,244,css,152e3b8b,manasamaddi1,2025-04-09,18:28:13,-07:00,2025-04-09T18:28:13-07:00,1,15
style.css,245,css,152e3b8b,manasamaddi1,2025-04-09,18:28:13,-07:00,2025-04-09T18:28:13-07:00,0,0
style.css,246,css,152e3b8b,manasamaddi1,2025-04-09,18:28:13,-07:00,2025-04-09T18:28:13-07:00,0,0
style.css,247,css,152e3b8b,manasamaddi1,2025-04-09,18:28:13,-07:00,2025-04-09T18:28:13-07:00,0,9
style.css,248,css,152e3b8b,manasamaddi1,2025-04-09,18:28:13,-07:00,2025-04-09T18:28:13-07:00,1,42
style.css,249,css,152e3b8b,manasamaddi1,2025-04-09,18:28:13,-07:00,2025-04-09T18:28:13-07:00,1,20
style.css,250,css,152e3b8b,manasamaddi1,2025-04-09,18:28:13,-07:00,2025-04-09T18:28:13-07:00,1,15
style.css,251,css,152e3b8b,manasamaddi1,2025-04-09,18:28:13,-07:00,2025-04-09T18:28:13-07:00,0,0
style.css,252,css,152e3b8b,manasamaddi1,2025-04-09,18:28:13,-07:00,2025-04-09T18:28:13-07:00,0,0
style.css,253,css,152e3b8b,manasamaddi1,2025-04-09,18:28:13,-07:00,2025-04-09T18:28:13-07:00,0,15
style.css,254,css,152e3b8b,manasamaddi1,2025-04-09,18:28:13,-07:00,2025-04-09T18:28:13-07:00,1,25
style.css,255,css,152e3b8b,manasamaddi1,2025-04-09,18:28:13,-07:00,2025-04-09T18:28:13-07:00,0,0
style.css,256,css,152e3b8b,manasamaddi1,2025-04-09,18:28:13,-07:00,2025-04-09T18:28:13-07:00,0,0
style.css,257,css,152e3b8b,manasamaddi1,2025-04-09,18:28:13,-07:00,2025-04-09T18:28:13-07:00,0,5
style.css,258,css,152e3b8b,manasamaddi1,2025-04-09,18:28:13,-07:00,2025-04-09T18:28:13-07:00,1,28
style.css,259,css,152e3b8b,manasamaddi1,2025-04-09,18:28:13,-07:00,2025-04-09T18:28:13-07:00,0,0
style.css,260,css,152e3b8b,manasamaddi1,2025-04-09,18:28:13,-07:00,2025-04-09T18:28:13-07:00,0,0
style.css,261,css,152e3b8b,manasamaddi1,2025-04-09,18:28:13,-07:00,2025-04-09T18:28:13-07:00,0,0
style.css,262,css,74122008,manasamaddi1,2025-04-14,20:04:58,-07:00,2025-04-14T20:04:58-07:00,0,3
style.css,263,css,74122008,manasamaddi1,2025-04-14,20:04:58,-07:00,2025-04-14T20:04:58-07:00,1,13
style.css,264,css,74122008,manasamaddi1,2025-04-14,20:04:58,-07:00,2025-04-14T20:04:58-07:00,1,13
style.css,265,css,74122008,manasamaddi1,2025-04-14,20:04:58,-07:00,2025-04-14T20:04:58-07:00,1,14
style.css,266,css,74122008,manasamaddi1,2025-04-14,20:04:58,-07:00,2025-04-14T20:04:58-07:00,0,0
style.css,267,css,74122008,manasamaddi1,2025-04-14,20:04:58,-07:00,2025-04-14T20:04:58-07:00,0,0
style.css,268,css,47b89dac,manasamaddi1,2025-04-18,18:46:24,-07:00,2025-04-18T18:46:24-07:00,0,0
style.css,269,css,47b89dac,manasamaddi1,2025-04-18,18:46:24,-07:00,2025-04-18T18:46:24-07:00,0,0
style.css,270,css,47b89dac,manasamaddi1,2025-04-18,18:46:24,-07:00,2025-04-18T18:46:24-07:00,0,12
style.css,271,css,47b89dac,manasamaddi1,2025-04-18,18:46:24,-07:00,2025-04-18T18:46:24-07:00,1,12
style.css,272,css,47b89dac,manasamaddi1,2025-04-18,18:46:24,-07:00,2025-04-18T18:46:24-07:00,1,29
style.css,273,css,47b89dac,manasamaddi1,2025-04-18,18:46:24,-07:00,2025-04-18T18:46:24-07:00,1,18
style.css,274,css,47b89dac,manasamaddi1,2025-04-18,18:46:24,-07:00,2025-04-18T18:46:24-07:00,1,19
style.css,275,css,47b89dac,manasamaddi1,2025-04-18,18:46:24,-07:00,2025-04-18T18:46:24-07:00,1,43
style.css,276,css,47b89dac,manasamaddi1,2025-04-18,18:46:24,-07:00,2025-04-18T18:46:24-07:00,1,23
style.css,277,css,47b89dac,manasamaddi1,2025-04-18,18:46:24,-07:00,2025-04-18T18:46:24-07:00,1,16
style.css,278,css,47b89dac,manasamaddi1,2025-04-18,18:46:24,-07:00,2025-04-18T18:46:24-07:00,1,10
style.css,279,css,acccdd35,manasamaddi1,2025-04-18,19:24:31,-07:00,2025-04-18T19:24:31-07:00,1,14
style.css,280,css,47b89dac,manasamaddi1,2025-04-18,18:46:24,-07:00,2025-04-18T18:46:24-07:00,0,0
style.css,281,css,47b89dac,manasamaddi1,2025-04-18,18:46:24,-07:00,2025-04-18T18:46:24-07:00,0,0
style.css,282,css,47b89dac,manasamaddi1,2025-04-18,18:46:24,-07:00,2025-04-18T18:46:24-07:00,0,16
style.css,283,css,47b89dac,manasamaddi1,2025-04-18,18:46:24,-07:00,2025-04-18T18:46:24-07:00,1,13
style.css,284,css,47b89dac,manasamaddi1,2025-04-18,18:46:24,-07:00,2025-04-18T18:46:24-07:00,1,12
style.css,285,css,47b89dac,manasamaddi1,2025-04-18,18:46:24,-07:00,2025-04-18T18:46:24-07:00,1,22
style.css,286,css,47b89dac,manasamaddi1,2025-04-18,18:46:24,-07:00,2025-04-18T18:46:24-07:00,1,8
style.css,287,css,47b89dac,manasamaddi1,2025-04-18,18:46:24,-07:00,2025-04-18T18:46:24-07:00,0,0
style.css,288,css,47b89dac,manasamaddi1,2025-04-18,18:46:24,-07:00,2025-04-18T18:46:24-07:00,0,0
style.css,289,css,47b89dac,manasamaddi1,2025-04-18,18:46:24,-07:00,2025-04-18T18:46:24-07:00,0,0
style.css,290,css,47b89dac,manasamaddi1,2025-04-18,18:46:24,-07:00,2025-04-18T18:46:24-07:00,0,0
style.css,291,css,47b89dac,manasamaddi1,2025-04-18,18:46:24,-07:00,2025-04-18T18:46:24-07:00,0,19
style.css,292,css,47b89dac,manasamaddi1,2025-04-18,18:46:24,-07:00,2025-04-18T18:46:24-07:00,1,12
style.css,293,css,47b89dac,manasamaddi1,2025-04-18,18:46:24,-07:00,2025-04-18T18:46:24-07:00,1,26
style.css,294,css,47b89dac,manasamaddi1,2025-04-18,18:46:24,-07:00,2025-04-18T18:46:24-07:00,1,15
style.css,295,css,47b89dac,manasamaddi1,2025-04-18,18:46:24,-07:00,2025-04-18T18:46:24-07:00,1,20
style.css,296,css,47b89dac,manasamaddi1,2025-04-18,18:46:24,-07:00,2025-04-18T18:46:24-07:00,1,11
style.css,297,css,47b89dac,manasamaddi1,2025-04-18,18:46:24,-07:00,2025-04-18T18:46:24-07:00,1,21
style.css,298,css,47b89dac,manasamaddi1,2025-04-18,18:46:24,-07:00,2025-04-18T18:46:24-07:00,1,17
style.css,299,css,acccdd35,manasamaddi1,2025-04-18,19:24:31,-07:00,2025-04-18T19:24:31-07:00,1,15
style.css,300,css,5aa53d08,manasamaddi1,2025-04-16,09:43:58,-07:00,2025-04-16T09:43:58-07:00,0,0
style.css,301,css,5aa53d08,manasamaddi1,2025-04-16,09:43:58,-07:00,2025-04-16T09:43:58-07:00,0,0
style.css,302,css,28ef62f7,manasamaddi1,2025-04-26,22:23:16,-07:00,2025-04-26T22:23:16-07:00,0,13
style.css,303,css,28ef62f7,manasamaddi1,2025-04-26,22:23:16,-07:00,2025-04-26T22:23:16-07:00,1,16
style.css,304,css,28ef62f7,manasamaddi1,2025-04-26,22:23:16,-07:00,2025-04-26T22:23:16-07:00,1,15
style.css,305,css,28ef62f7,manasamaddi1,2025-04-26,22:23:16,-07:00,2025-04-26T22:23:16-07:00,1,20
style.css,306,css,28ef62f7,manasamaddi1,2025-04-26,22:23:16,-07:00,2025-04-26T22:23:16-07:00,1,13
style.css,307,css,28ef62f7,manasamaddi1,2025-04-26,22:23:16,-07:00,2025-04-26T22:23:16-07:00,1,17
style.css,308,css,28ef62f7,manasamaddi1,2025-04-26,22:23:16,-07:00,2025-04-26T22:23:16-07:00,1,15
style.css,309,css,28ef62f7,manasamaddi1,2025-04-26,22:23:16,-07:00,2025-04-26T22:23:16-07:00,0,0
style.css,310,css,28ef62f7,manasamaddi1,2025-04-26,22:23:16,-07:00,2025-04-26T22:23:16-07:00,0,0
style.css,311,css,28ef62f7,manasamaddi1,2025-04-26,22:23:16,-07:00,2025-04-26T22:23:16-07:00,0,20
style.css,312,css,28ef62f7,manasamaddi1,2025-04-26,22:23:16,-07:00,2025-04-26T22:23:16-07:00,1,15
style.css,313,css,28ef62f7,manasamaddi1,2025-04-26,22:23:16,-07:00,2025-04-26T22:23:16-07:00,1,15
style.css,314,css,28ef62f7,manasamaddi1,2025-04-26,22:23:16,-07:00,2025-04-26T22:23:16-07:00,1,15
style.css,315,css,28ef62f7,manasamaddi1,2025-04-26,22:23:16,-07:00,2025-04-26T22:23:16-07:00,1,15
style.css,316,css,28ef62f7,manasamaddi1,2025-04-26,22:23:16,-07:00,2025-04-26T22:23:16-07:00,0,0
style.css,317,css,28ef62f7,manasamaddi1,2025-04-26,22:23:16,-07:00,2025-04-26T22:23:16-07:00,0,0
style.css,318,css,28ef62f7,manasamaddi1,2025-04-26,22:23:16,-07:00,2025-04-26T22:23:16-07:00,0,0
style.css,319,css,28ef62f7,manasamaddi1,2025-04-26,22:23:16,-07:00,2025-04-26T22:23:16-07:00,0,0
style.css,320,css,9cb80ae8,manasamaddi1,2025-04-25,00:39:28,-07:00,2025-04-25T00:39:28-07:00,0,17
style.css,321,css,9cb80ae8,manasamaddi1,2025-04-25,00:39:28,-07:00,2025-04-25T00:39:28-07:00,1,12
style.css,322,css,9cb80ae8,manasamaddi1,2025-04-25,00:39:28,-07:00,2025-04-25T00:39:28-07:00,1,36
style.css,323,css,9cb80ae8,manasamaddi1,2025-04-25,00:39:28,-07:00,2025-04-25T00:39:28-07:00,1,13
style.css,324,css,9cb80ae8,manasamaddi1,2025-04-25,00:39:28,-07:00,2025-04-25T00:39:28-07:00,1,17
style.css,325,css,9cb80ae8,manasamaddi1,2025-04-25,00:39:28,-07:00,2025-04-25T00:39:28-07:00,1,16
style.css,326,css,b0dedeec,manasamaddi1,2025-04-26,22:36:26,-07:00,2025-04-26T22:36:26-07:00,0,0
style.css,327,css,b0dedeec,manasamaddi1,2025-04-26,22:36:26,-07:00,2025-04-26T22:36:26-07:00,0,0
style.css,328,css,b0dedeec,manasamaddi1,2025-04-26,22:36:26,-07:00,2025-04-26T22:36:26-07:00,0,0
style.css,329,css,b0dedeec,manasamaddi1,2025-04-26,22:36:26,-07:00,2025-04-26T22:36:26-07:00,0,14
style.css,330,css,b0dedeec,manasamaddi1,2025-04-26,22:36:26,-07:00,2025-04-26T22:36:26-07:00,1,15
style.css,331,css,9cb80ae8,manasamaddi1,2025-04-25,00:39:28,-07:00,2025-04-25T00:39:28-07:00,0,0
style.css,332,css,9cb80ae8,manasamaddi1,2025-04-25,00:39:28,-07:00,2025-04-25T00:39:28-07:00,0,0
style.css,333,css,9cb80ae8,manasamaddi1,2025-04-25,00:39:28,-07:00,2025-04-25T00:39:28-07:00,0,17
style.css,334,css,9cb80ae8,manasamaddi1,2025-04-25,00:39:28,-07:00,2025-04-25T00:39:28-07:00,1,15
style.css,335,css,9cb80ae8,manasamaddi1,2025-04-25,00:39:28,-07:00,2025-04-25T00:39:28-07:00,1,15
style.css,336,css,3f9f9c2a,manasamaddi1,2025-04-26,22:57:53,-07:00,2025-04-26T22:57:53-07:00,1,13
style.css,337,css,9cb80ae8,manasamaddi1,2025-04-25,00:39:28,-07:00,2025-04-25T00:39:28-07:00,1,24
style.css,338,css,9cb80ae8,manasamaddi1,2025-04-25,00:39:28,-07:00,2025-04-25T00:39:28-07:00,1,10
style.css,339,css,9cb80ae8,manasamaddi1,2025-04-25,00:39:28,-07:00,2025-04-25T00:39:28-07:00,0,0
style.css,340,css,9cb80ae8,manasamaddi1,2025-04-25,00:39:28,-07:00,2025-04-25T00:39:28-07:00,0,0
style.css,341,css,9cb80ae8,manasamaddi1,2025-04-25,00:39:28,-07:00,2025-04-25T00:39:28-07:00,0,17
style.css,342,css,9cb80ae8,manasamaddi1,2025-04-25,00:39:28,-07:00,2025-04-25T00:39:28-07:00,1,8
style.css,343,css,9cb80ae8,manasamaddi1,2025-04-25,00:39:28,-07:00,2025-04-25T00:39:28-07:00,1,14
style.css,344,css,9cb80ae8,manasamaddi1,2025-04-25,00:39:28,-07:00,2025-04-25T00:39:28-07:00,1,15
style.css,345,css,9cb80ae8,manasamaddi1,2025-04-25,00:39:28,-07:00,2025-04-25T00:39:28-07:00,1,10
style.css,346,css,9cb80ae8,manasamaddi1,2025-04-25,00:39:28,-07:00,2025-04-25T00:39:28-07:00,0,0
style.css,347,css,9cb80ae8,manasamaddi1,2025-04-25,00:39:28,-07:00,2025-04-25T00:39:28-07:00,0,0
style.css,348,css,d6c6b8f6,manasamaddi1,2025-04-30,23:27:47,-07:00,2025-04-30T23:27:47-07:00,0,18
style.css,349,css,d6c6b8f6,manasamaddi1,2025-04-30,23:27:47,-07:00,2025-04-30T23:27:47-07:00,1,13
style.css,350,css,5504a24a,manasamaddi1,2025-04-30,23:58:37,-07:00,2025-04-30T23:58:37-07:00,1,24
style.css,351,css,d6c6b8f6,manasamaddi1,2025-04-30,23:27:47,-07:00,2025-04-30T23:27:47-07:00,1,14
style.css,352,css,d6c6b8f6,manasamaddi1,2025-04-30,23:27:47,-07:00,2025-04-30T23:27:47-07:00,1,16
style.css,353,css,e4ce4478,manasamaddi1,2025-05-01,00:13:30,-07:00,2025-05-01T00:13:30-07:00,1,11
style.css,354,css,d6c6b8f6,manasamaddi1,2025-04-30,23:27:47,-07:00,2025-04-30T23:27:47-07:00,0,0
style.css,355,css,d6c6b8f6,manasamaddi1,2025-04-30,23:27:47,-07:00,2025-04-30T23:27:47-07:00,0,0
style.css,356,css,5504a24a,manasamaddi1,2025-04-30,23:58:37,-07:00,2025-04-30T23:58:37-07:00,0,7
style.css,357,css,e4ce4478,manasamaddi1,2025-05-01,00:13:30,-07:00,2025-05-01T00:13:30-07:00,1,6
style.css,358,css,e4ce4478,manasamaddi1,2025-05-01,00:13:30,-07:00,2025-05-01T00:13:30-07:00,1,12
style.css,359,css,e4ce4478,manasamaddi1,2025-05-01,00:13:30,-07:00,2025-05-01T00:13:30-07:00,1,56
style.css,360,css,e4ce4478,manasamaddi1,2025-05-01,00:13:30,-07:00,2025-05-01T00:13:30-07:00,1,13
style.css,361,css,5504a24a,manasamaddi1,2025-04-30,23:58:37,-07:00,2025-04-30T23:58:37-07:00,1,11
style.css,362,css,ef8d9bbb,manasamaddi1,2025-05-01,14:20:28,-07:00,2025-05-01T14:20:28-07:00,1,10
style.css,363,css,8eeda688,manasamaddi1,2025-05-01,00:03:32,-07:00,2025-05-01T00:03:32-07:00,1,19
style.css,364,css,ef8d9bbb,manasamaddi1,2025-05-01,14:20:28,-07:00,2025-05-01T14:20:28-07:00,0,0
style.css,365,css,5504a24a,manasamaddi1,2025-04-30,23:58:37,-07:00,2025-04-30T23:58:37-07:00,0,0
style.css,366,css,5504a24a,manasamaddi1,2025-04-30,23:58:37,-07:00,2025-04-30T23:58:37-07:00,0,0
style.css,367,css,5504a24a,manasamaddi1,2025-04-30,23:58:37,-07:00,2025-04-30T23:58:37-07:00,0,0
style.css,368,css,5504a24a,manasamaddi1,2025-04-30,23:58:37,-07:00,2025-04-30T23:58:37-07:00,0,12
style.css,369,css,5504a24a,manasamaddi1,2025-04-30,23:58:37,-07:00,2025-04-30T23:58:37-07:00,1,12
style.css,370,css,5504a24a,manasamaddi1,2025-04-30,23:58:37,-07:00,2025-04-30T23:58:37-07:00,1,18
style.css,371,css,5504a24a,manasamaddi1,2025-04-30,23:58:37,-07:00,2025-04-30T23:58:37-07:00,1,9
style.css,372,css,8eeda688,manasamaddi1,2025-05-01,00:03:32,-07:00,2025-05-01T00:03:32-07:00,1,16
style.css,373,css,5504a24a,manasamaddi1,2025-04-30,23:58:37,-07:00,2025-04-30T23:58:37-07:00,0,0
style.css,374,css,5504a24a,manasamaddi1,2025-04-30,23:58:37,-07:00,2025-04-30T23:58:37-07:00,0,0
style.css,375,css,5504a24a,manasamaddi1,2025-04-30,23:58:37,-07:00,2025-04-30T23:58:37-07:00,0,7
style.css,376,css,5504a24a,manasamaddi1,2025-04-30,23:58:37,-07:00,2025-04-30T23:58:37-07:00,1,9
style.css,377,css,5504a24a,manasamaddi1,2025-04-30,23:58:37,-07:00,2025-04-30T23:58:37-07:00,1,10
style.css,378,css,5504a24a,manasamaddi1,2025-04-30,23:58:37,-07:00,2025-04-30T23:58:37-07:00,1,29
style.css,379,css,5504a24a,manasamaddi1,2025-04-30,23:58:37,-07:00,2025-04-30T23:58:37-07:00,1,20
style.css,380,css,5504a24a,manasamaddi1,2025-04-30,23:58:37,-07:00,2025-04-30T23:58:37-07:00,1,20
style.css,381,css,5504a24a,manasamaddi1,2025-04-30,23:58:37,-07:00,2025-04-30T23:58:37-07:00,0,0
style.css,382,css,5504a24a,manasamaddi1,2025-04-30,23:58:37,-07:00,2025-04-30T23:58:37-07:00,0,0
style.css,383,css,e4ce4478,manasamaddi1,2025-05-01,00:13:30,-07:00,2025-05-01T00:13:30-07:00,0,10
style.css,384,css,e4ce4478,manasamaddi1,2025-05-01,00:13:30,-07:00,2025-05-01T00:13:30-07:00,1,12
style.css,385,css,e4ce4478,manasamaddi1,2025-05-01,00:13:30,-07:00,2025-05-01T00:13:30-07:00,1,18
style.css,386,css,e4ce4478,manasamaddi1,2025-05-01,00:13:30,-07:00,2025-05-01T00:13:30-07:00,1,22
style.css,387,css,e4ce4478,manasamaddi1,2025-05-01,00:13:30,-07:00,2025-05-01T00:13:30-07:00,1,7
style.css,388,css,e20cecf2,manasamaddi1,2025-05-01,01:02:09,-07:00,2025-05-01T01:02:09-07:00,1,14
style.css,389,css,e4ce4478,manasamaddi1,2025-05-01,00:13:30,-07:00,2025-05-01T00:13:30-07:00,1,17
style.css,390,css,e4ce4478,manasamaddi1,2025-05-01,00:13:30,-07:00,2025-05-01T00:13:30-07:00,0,0
style.css,391,css,e4ce4478,manasamaddi1,2025-05-01,00:13:30,-07:00,2025-05-01T00:13:30-07:00,0,0
style.css,392,css,ccaa98d2,manasamaddi1,2025-05-01,00:21:22,-07:00,2025-05-01T00:21:22-07:00,0,10
style.css,393,css,ccaa98d2,manasamaddi1,2025-05-01,00:21:22,-07:00,2025-05-01T00:21:22-07:00,1,10
style.css,394,css,ccaa98d2,manasamaddi1,2025-05-01,00:21:22,-07:00,2025-05-01T00:21:22-07:00,1,15
style.css,395,css,ccaa98d2,manasamaddi1,2025-05-01,00:21:22,-07:00,2025-05-01T00:21:22-07:00,1,15
style.css,396,css,ccaa98d2,manasamaddi1,2025-05-01,00:21:22,-07:00,2025-05-01T00:21:22-07:00,1,13
style.css,397,css,ccaa98d2,manasamaddi1,2025-05-01,00:21:22,-07:00,2025-05-01T00:21:22-07:00,1,17
style.css,398,css,ccaa98d2,manasamaddi1,2025-05-01,00:21:22,-07:00,2025-05-01T00:21:22-07:00,1,14
style.css,399,css,ccaa98d2,manasamaddi1,2025-05-01,00:21:22,-07:00,2025-05-01T00:21:22-07:00,1,21
style.css,400,css,ccaa98d2,manasamaddi1,2025-05-01,00:21:22,-07:00,2025-05-01T00:21:22-07:00,1,19
style.css,401,css,ccaa98d2,manasamaddi1,2025-05-01,00:21:22,-07:00,2025-05-01T00:21:22-07:00,0,0
style.css,402,css,ccaa98d2,manasamaddi1,2025-05-01,00:21:22,-07:00,2025-05-01T00:21:22-07:00,0,0
style.css,403,css,e20cecf2,manasamaddi1,2025-05-01,01:02:09,-07:00,2025-05-01T01:02:09-07:00,0,0
style.css,404,css,c02ee92d,manasamaddi1,2025-05-01,00:58:11,-07:00,2025-05-01T00:58:11-07:00,0,23
style.css,405,css,c02ee92d,manasamaddi1,2025-05-01,00:58:11,-07:00,2025-05-01T00:58:11-07:00,1,41
style.css,406,css,c02ee92d,manasamaddi1,2025-05-01,00:58:11,-07:00,2025-05-01T00:58:11-07:00,0,0
style.css,407,css,c02ee92d,manasamaddi1,2025-05-01,00:58:11,-07:00,2025-05-01T00:58:11-07:00,0,0
style.css,408,css,e20cecf2,manasamaddi1,2025-05-01,01:02:09,-07:00,2025-05-01T01:02:09-07:00,0,0
style.css,409,css,c02ee92d,manasamaddi1,2025-05-01,00:58:11,-07:00,2025-05-01T00:58:11-07:00,0,51
style.css,410,css,c02ee92d,manasamaddi1,2025-05-01,00:58:11,-07:00,2025-05-01T00:58:11-07:00,1,11
style.css,411,css,c02ee92d,manasamaddi1,2025-05-01,00:58:11,-07:00,2025-05-01T00:58:11-07:00,0,0
style.css,412,css,c02ee92d,manasamaddi1,2025-05-01,00:58:11,-07:00,2025-05-01T00:58:11-07:00,0,0
style.css,413,css,c02ee92d,manasamaddi1,2025-05-01,00:58:11,-07:00,2025-05-01T00:58:11-07:00,0,4
style.css,414,css,c02ee92d,manasamaddi1,2025-05-01,00:58:11,-07:00,2025-05-01T00:58:11-07:00,1,14
style.css,415,css,c02ee92d,manasamaddi1,2025-05-01,00:58:11,-07:00,2025-05-01T00:58:11-07:00,1,36
style.css,416,css,c02ee92d,manasamaddi1,2025-05-01,00:58:11,-07:00,2025-05-01T00:58:11-07:00,0,0
style.css,417,css,c02ee92d,manasamaddi1,2025-05-01,00:58:11,-07:00,2025-05-01T00:58:11-07:00,0,0
style.css,418,css,e20cecf2,manasamaddi1,2025-05-01,01:02:09,-07:00,2025-05-01T01:02:09-07:00,0,0
style.css,419,css,c02ee92d,manasamaddi1,2025-05-01,00:58:11,-07:00,2025-05-01T00:58:11-07:00,0,9
style.css,420,css,e20cecf2,manasamaddi1,2025-05-01,01:02:09,-07:00,2025-05-01T01:02:09-07:00,1,35
style.css,421,css,c02ee92d,manasamaddi1,2025-05-01,00:58:11,-07:00,2025-05-01T00:58:11-07:00,0,0
style.css,422,css,c02ee92d,manasamaddi1,2025-05-01,00:58:11,-07:00,2025-05-01T00:58:11-07:00,0,0
style.css,423,css,c02ee92d,manasamaddi1,2025-05-01,00:58:11,-07:00,2025-05-01T00:58:11-07:00,0,18
style.css,424,css,c02ee92d,manasamaddi1,2025-05-01,00:58:11,-07:00,2025-05-01T00:58:11-07:00,1,17
style.css,425,css,c02ee92d,manasamaddi1,2025-05-01,00:58:11,-07:00,2025-05-01T00:58:11-07:00,0,0
style.css,426,css,c02ee92d,manasamaddi1,2025-05-01,00:58:11,-07:00,2025-05-01T00:58:11-07:00,0,0
style.css,427,css,c02ee92d,manasamaddi1,2025-05-01,00:58:11,-07:00,2025-05-01T00:58:11-07:00,0,29
style.css,428,css,c02ee92d,manasamaddi1,2025-05-01,00:58:11,-07:00,2025-05-01T00:58:11-07:00,1,29
style.css,429,css,c02ee92d,manasamaddi1,2025-05-01,00:58:11,-07:00,2025-05-01T00:58:11-07:00,0,0
style.css,430,css,c02ee92d,manasamaddi1,2025-05-01,00:58:11,-07:00,2025-05-01T00:58:11-07:00,0,0
style.css,431,css,c02ee92d,manasamaddi1,2025-05-01,00:58:11,-07:00,2025-05-01T00:58:11-07:00,0,0
style.css,432,css,ccaa98d2,manasamaddi1,2025-05-01,00:21:22,-07:00,2025-05-01T00:21:22-07:00,0,0
style.css,433,css,5504a24a,manasamaddi1,2025-04-30,23:58:37,-07:00,2025-04-30T23:58:37-07:00,0,0
style.css,434,css,d6c6b8f6,manasamaddi1,2025-04-30,23:27:47,-07:00,2025-04-30T23:27:47-07:00,0,0
style.css,435,css,d6c6b8f6,manasamaddi1,2025-04-30,23:27:47,-07:00,2025-04-30T23:27:47-07:00,0,0
style.css,436,css,9cb80ae8,manasamaddi1,2025-04-25,00:39:28,-07:00,2025-04-25T00:39:28-07:00,0,0
style.css,437,css,9cb80ae8,manasamaddi1,2025-04-25,00:39:28,-07:00,2025-04-25T00:39:28-07:00,0,0
style.css,438,css,a207eb50,manasamaddi1,2025-04-14,18:57:55,-07:00,2025-04-14T18:57:55-07:00,0,0
style.css,439,css,152e3b8b,manasamaddi1,2025-04-09,18:28:13,-07:00,2025-04-09T18:28:13-07:00,0,0
style.css,440,css,152e3b8b,manasamaddi1,2025-04-09,18:28:13,-07:00,2025-04-09T18:28:13-07:00,0,0
style.css,441,css,0889907c,manasamaddi1,2025-04-09,18:19:50,-07:00,2025-04-09T18:19:50-07:00,0,0
style.css,442,css,0889907c,manasamaddi1,2025-04-09,18:19:50,-07:00,2025-04-09T18:19:50-07:00,0,0
style.css,443,css,0889907c,manasamaddi1,2025-04-09,18:19:50,-07:00,2025-04-09T18:19:50-07:00,0,0
style.css,444,css,0889907c,manasamaddi1,2025-04-09,18:19:50,-07:00,2025-04-09T18:19:50-07:00,0,0
style.css,445,css,0889907c,manasamaddi1,2025-04-09,18:19:50,-07:00,2025-04-09T18:19:50-07:00,0,0
style.css,446,css,53626e8d,manasamaddi1,2025-04-17,18:49:03,-07:00,2025-04-17T18:49:03-07:00,0,0
style.css,447,css,53626e8d,manasamaddi1,2025-04-17,18:49:03,-07:00,2025-04-17T18:49:03-07:00,0,0
style.css,448,css,47b89dac,manasamaddi1,2025-04-18,18:46:24,-07:00,2025-04-18T18:46:24-07:00,0,0
style.css,449,css,47b89dac,manasamaddi1,2025-04-18,18:46:24,-07:00,2025-04-18T18:46:24-07:00,0,0
style.css,450,css,47b89dac,manasamaddi1,2025-04-18,18:46:24,-07:00,2025-04-18T18:46:24-07:00,0,0
style.css,451,css,8eeda688,manasamaddi1,2025-05-01,00:03:32,-07:00,2025-05-01T00:03:32-07:00,0,0
index.js,1,js,9cb80ae8,manasamaddi1,2025-04-25,00:39:28,-07:00,2025-04-25T00:39:28-07:00,0,71
index.js,2,js,5f7c09f0,manasamaddi1,2025-04-25,00:14:40,-07:00,2025-04-25T00:14:40-07:00,0,0
index.js,3,js,5f7c09f0,manasamaddi1,2025-04-25,00:14:40,-07:00,2025-04-25T00:14:40-07:00,0,54
index.js,4,js,5f7c09f0,manasamaddi1,2025-04-25,00:14:40,-07:00,2025-04-25T00:14:40-07:00,0,42
index.js,5,js,5f7c09f0,manasamaddi1,2025-04-25,00:14:40,-07:00,2025-04-25T00:14:40-07:00,0,60
index.js,6,js,9cb80ae8,manasamaddi1,2025-04-25,00:39:28,-07:00,2025-04-25T00:39:28-07:00,0,0
index.js,7,js,9cb80ae8,manasamaddi1,2025-04-25,00:39:28,-07:00,2025-04-25T00:39:28-07:00,0,22
index.js,8,js,9cb80ae8,manasamaddi1,2025-04-25,00:39:28,-07:00,2025-04-25T00:39:28-07:00,1,54
index.js,9,js,9cb80ae8,manasamaddi1,2025-04-25,00:39:28,-07:00,2025-04-25T00:39:28-07:00,0,0
index.js,10,js,9cb80ae8,manasamaddi1,2025-04-25,00:39:28,-07:00,2025-04-25T00:39:28-07:00,0,0
index.js,11,js,9cb80ae8,manasamaddi1,2025-04-25,00:39:28,-07:00,2025-04-25T00:39:28-07:00,0,55
index.js,12,js,9cb80ae8,manasamaddi1,2025-04-25,00:39:28,-07:00,2025-04-25T00:39:28-07:00,0,0
index.js,13,js,9cb80ae8,manasamaddi1,2025-04-25,00:39:28,-07:00,2025-04-25T00:39:28-07:00,0,60
index.js,14,js,9cb80ae8,manasamaddi1,2025-04-25,00:39:28,-07:00,2025-04-25T00:39:28-07:00,0,17
index.js,15,js,9cb80ae8,manasamaddi1,2025-04-25,00:39:28,-07:00,2025-04-25T00:39:28-07:00,1,24
index.js,16,js,9cb80ae8,manasamaddi1,2025-04-25,00:39:28,-07:00,2025-04-25T00:39:28-07:00,2,2
index.js,17,js,9cb80ae8,manasamaddi1,2025-04-25,00:39:28,-07:00,2025-04-25T00:39:28-07:00,3,48
index.js,18,js,9cb80ae8,manasamaddi1,2025-04-25,00:39:28,-07:00,2025-04-25T00:39:28-07:00,3,48
index.js,19,js,9cb80ae8,manasamaddi1,2025-04-25,00:39:28,-07:00,2025-04-25T00:39:28-07:00,3,54
index.js,20,js,9cb80ae8,manasamaddi1,2025-04-25,00:39:28,-07:00,2025-04-25T00:39:28-07:00,3,54
index.js,21,js,9cb80ae8,manasamaddi1,2025-04-25,00:39:28,-07:00,2025-04-25T00:39:28-07:00,2,3
index.js,22,js,9cb80ae8,manasamaddi1,2025-04-25,00:39:28,-07:00,2025-04-25T00:39:28-07:00,1,0
index.js,23,js,9cb80ae8,manasamaddi1,2025-04-25,00:39:28,-07:00,2025-04-25T00:39:28-07:00,0,0
index.js,24,js,9cb80ae8,manasamaddi1,2025-04-25,00:39:28,-07:00,2025-04-25T00:39:28-07:00,0,0
index.js,25,js,7069a8c6,manasamaddi1,2025-04-29,20:28:23,-07:00,2025-04-29T20:28:23-07:00,0,0
index.html,1,html,45d4795c,manasamaddi1,2025-04-03,22:09:21,-07:00,2025-04-03T22:09:21-07:00,0,13
index.html,2,html,45d4795c,manasamaddi1,2025-04-03,22:09:21,-07:00,2025-04-03T22:09:21-07:00,0,14
index.html,3,html,45d4795c,manasamaddi1,2025-04-03,22:09:21,-07:00,2025-04-03T22:09:21-07:00,0,4
index.html,4,html,aeef805a,manasamaddi1,2025-04-03,22:53:15,-07:00,2025-04-03T22:53:15-07:00,1,20
index.html,5,html,aeef805a,manasamaddi1,2025-04-03,22:53:15,-07:00,2025-04-03T22:53:15-07:00,1,68
index.html,6,html,aeef805a,manasamaddi1,2025-04-03,22:53:15,-07:00,2025-04-03T22:53:15-07:00,1,54
index.html,7,html,aeef805a,manasamaddi1,2025-04-03,22:53:15,-07:00,2025-04-03T22:53:15-07:00,1,38
index.html,8,html,45d4795c,manasamaddi1,2025-04-03,22:09:21,-07:00,2025-04-03T22:09:21-07:00,0,5
index.html,9,html,f1ffbaca,manasamaddi1,2025-04-25,00:25:35,-07:00,2025-04-25T00:25:35-07:00,0,0
index.html,10,html,5f7c09f0,manasamaddi1,2025-04-25,00:14:40,-07:00,2025-04-25T00:14:40-07:00,0,4
index.html,11,html,f90b833b,manasamaddi1,2025-04-14,18:27:30,-07:00,2025-04-14T18:27:30-07:00,0,0
index.html,12,html,f1ffbaca,manasamaddi1,2025-04-25,00:25:35,-07:00,2025-04-25T00:25:35-07:00,1,17
index.html,13,html,5f7c09f0,manasamaddi1,2025-04-25,00:14:40,-07:00,2025-04-25T00:14:40-07:00,1,8
index.html,14,html,5f7c09f0,manasamaddi1,2025-04-25,00:14:40,-07:00,2025-04-25T00:14:40-07:00,2,27
index.html,15,html,5f7c09f0,manasamaddi1,2025-04-25,00:14:40,-07:00,2025-04-25T00:14:40-07:00,2,40
index.html,16,html,5f7c09f0,manasamaddi1,2025-04-25,00:14:40,-07:00,2025-04-25T00:14:40-07:00,2,38
index.html,17,html,5f7c09f0,manasamaddi1,2025-04-25,00:14:40,-07:00,2025-04-25T00:14:40-07:00,2,32
index.html,18,html,5f7c09f0,manasamaddi1,2025-04-25,00:14:40,-07:00,2025-04-25T00:14:40-07:00,2,66
index.html,19,html,5f7c09f0,manasamaddi1,2025-04-25,00:14:40,-07:00,2025-04-25T00:14:40-07:00,1,8
index.html,20,html,aeef805a,manasamaddi1,2025-04-03,22:53:15,-07:00,2025-04-03T22:53:15-07:00,0,0
index.html,21,html,aeef805a,manasamaddi1,2025-04-03,22:53:15,-07:00,2025-04-03T22:53:15-07:00,1,47
index.html,22,html,aeef805a,manasamaddi1,2025-04-03,22:53:15,-07:00,2025-04-03T22:53:15-07:00,0,0
index.html,23,html,aeef805a,manasamaddi1,2025-04-03,22:53:15,-07:00,2025-04-03T22:53:15-07:00,1,31
index.html,24,html,aeef805a,manasamaddi1,2025-04-03,22:53:15,-07:00,2025-04-03T22:53:15-07:00,2,110
index.html,25,html,aeef805a,manasamaddi1,2025-04-03,22:53:15,-07:00,2025-04-03T22:53:15-07:00,1,4
index.html,26,html,aeef805a,manasamaddi1,2025-04-03,22:53:15,-07:00,2025-04-03T22:53:15-07:00,0,0
index.html,27,html,aeef805a,manasamaddi1,2025-04-03,22:53:15,-07:00,2025-04-03T22:53:15-07:00,1,29
index.html,28,html,aeef805a,manasamaddi1,2025-04-03,22:53:15,-07:00,2025-04-03T22:53:15-07:00,2,119
index.html,29,html,5f7c09f0,manasamaddi1,2025-04-25,00:14:40,-07:00,2025-04-25T00:14:40-07:00,2,133
index.html,30,html,5f7c09f0,manasamaddi1,2025-04-25,00:14:40,-07:00,2025-04-25T00:14:40-07:00,2,138
index.html,31,html,f1ffbaca,manasamaddi1,2025-04-25,00:25:35,-07:00,2025-04-25T00:25:35-07:00,2,137
index.html,32,html,5f7c09f0,manasamaddi1,2025-04-25,00:14:40,-07:00,2025-04-25T00:14:40-07:00,2,111
index.html,33,html,aeef805a,manasamaddi1,2025-04-03,22:53:15,-07:00,2025-04-03T22:53:15-07:00,1,2
index.html,34,html,aeef805a,manasamaddi1,2025-04-03,22:53:15,-07:00,2025-04-03T22:53:15-07:00,0,0
index.html,35,html,f1ffbaca,manasamaddi1,2025-04-25,00:25:35,-07:00,2025-04-25T00:25:35-07:00,1,22
index.html,36,html,f1ffbaca,manasamaddi1,2025-04-25,00:25:35,-07:00,2025-04-25T00:25:35-07:00,1,20
index.html,37,html,f1ffbaca,manasamaddi1,2025-04-25,00:25:35,-07:00,2025-04-25T00:25:35-07:00,1,4
index.html,38,html,5f7c09f0,manasamaddi1,2025-04-25,00:14:40,-07:00,2025-04-25T00:14:40-07:00,0,0
index.html,39,html,9cb80ae8,manasamaddi1,2025-04-25,00:39:28,-07:00,2025-04-25T00:39:28-07:00,1,22
index.html,40,html,9cb80ae8,manasamaddi1,2025-04-25,00:39:28,-07:00,2025-04-25T00:39:28-07:00,0,22
index.html,41,html,9cb80ae8,manasamaddi1,2025-04-25,00:39:28,-07:00,2025-04-25T00:39:28-07:00,0,4
index.html,42,html,9cb80ae8,manasamaddi1,2025-04-25,00:39:28,-07:00,2025-04-25T00:39:28-07:00,0,0
index.html,43,html,5a4455ea,manasamaddi1,2025-04-14,18:22:43,-07:00,2025-04-14T18:22:43-07:00,1,45
index.html,44,html,f1ffbaca,manasamaddi1,2025-04-25,00:25:35,-07:00,2025-04-25T00:25:35-07:00,1,50
index.html,45,html,5a4455ea,manasamaddi1,2025-04-14,18:22:43,-07:00,2025-04-14T18:22:43-07:00,0,0
index.html,46,html,45d4795c,manasamaddi1,2025-04-03,22:09:21,-07:00,2025-04-03T22:09:21-07:00,0,5
index.html,47,html,45d4795c,manasamaddi1,2025-04-03,22:09:21,-07:00,2025-04-03T22:09:21-07:00,0,5
global.js,1,js,47b89dac,manasamaddi1,2025-04-18,18:46:24,-07:00,2025-04-18T18:46:24-07:00,0,88
global.js,2,js,47b89dac,manasamaddi1,2025-04-18,18:46:24,-07:00,2025-04-18T18:46:24-07:00,1,3
global.js,3,js,47b89dac,manasamaddi1,2025-04-18,18:46:24,-07:00,2025-04-18T18:46:24-07:00,1,14
global.js,4,js,00053ee8,manasamaddi1,2025-04-14,19:00:16,-07:00,2025-04-14T19:00:16-07:00,0,0
global.js,5,js,47b89dac,manasamaddi1,2025-04-18,18:46:24,-07:00,2025-04-18T18:46:24-07:00,0,46
global.js,6,js,47b89dac,manasamaddi1,2025-04-18,18:46:24,-07:00,2025-04-18T18:46:24-07:00,0,31
global.js,7,js,00053ee8,manasamaddi1,2025-04-14,19:00:16,-07:00,2025-04-14T19:00:16-07:00,0,0
global.js,8,js,47b89dac,manasamaddi1,2025-04-18,18:46:24,-07:00,2025-04-18T18:46:24-07:00,0,40
global.js,9,js,53626e8d,manasamaddi1,2025-04-17,18:49:03,-07:00,2025-04-17T18:49:03-07:00,0,13
global.js,10,js,00053ee8,manasamaddi1,2025-04-14,19:00:16,-07:00,2025-04-14T19:00:16-07:00,1,25
global.js,11,js,00053ee8,manasamaddi1,2025-04-14,19:00:16,-07:00,2025-04-14T19:00:16-07:00,1,37
global.js,12,js,00053ee8,manasamaddi1,2025-04-14,19:00:16,-07:00,2025-04-14T19:00:16-07:00,1,25
global.js,13,js,00053ee8,manasamaddi1,2025-04-14,19:00:16,-07:00,2025-04-14T19:00:16-07:00,1,35
global.js,14,js,9e0b7b38,manasamaddi1,2025-05-09,17:09:50,-07:00,2025-05-09T17:09:50-07:00,1,29
global.js,15,js,6178f929,manasamaddi1,2025-05-09,16:56:15,-07:00,2025-05-09T16:56:15-07:00,1,58
global.js,16,js,00053ee8,manasamaddi1,2025-04-14,19:00:16,-07:00,2025-04-14T19:00:16-07:00,0,0
global.js,17,js,00053ee8,manasamaddi1,2025-04-14,19:00:16,-07:00,2025-04-14T19:00:16-07:00,0,0
global.js,18,js,00053ee8,manasamaddi1,2025-04-14,19:00:16,-07:00,2025-04-14T19:00:16-07:00,0,20
global.js,19,js,00053ee8,manasamaddi1,2025-04-14,19:00:16,-07:00,2025-04-14T19:00:16-07:00,1,14
global.js,20,js,00053ee8,manasamaddi1,2025-04-14,19:00:16,-07:00,2025-04-14T19:00:16-07:00,1,18
global.js,21,js,00053ee8,manasamaddi1,2025-04-14,19:00:16,-07:00,2025-04-14T19:00:16-07:00,0,0
global.js,22,js,00053ee8,manasamaddi1,2025-04-14,19:00:16,-07:00,2025-04-14T19:00:16-07:00,1,28
global.js,23,js,00053ee8,manasamaddi1,2025-04-14,19:00:16,-07:00,2025-04-14T19:00:16-07:00,2,20
global.js,24,js,00053ee8,manasamaddi1,2025-04-14,19:00:16,-07:00,2025-04-14T19:00:16-07:00,1,0
global.js,25,js,00053ee8,manasamaddi1,2025-04-14,19:00:16,-07:00,2025-04-14T19:00:16-07:00,0,0
global.js,26,js,53626e8d,manasamaddi1,2025-04-17,18:49:03,-07:00,2025-04-17T18:49:03-07:00,1,36
global.js,27,js,00053ee8,manasamaddi1,2025-04-14,19:00:16,-07:00,2025-04-14T19:00:16-07:00,1,11
global.js,28,js,00053ee8,manasamaddi1,2025-04-14,19:00:16,-07:00,2025-04-14T19:00:16-07:00,1,20
global.js,29,js,00053ee8,manasamaddi1,2025-04-14,19:00:16,-07:00,2025-04-14T19:00:16-07:00,0,0
global.js,30,js,00053ee8,manasamaddi1,2025-04-14,19:00:16,-07:00,2025-04-14T19:00:16-07:00,1,65
global.js,31,js,00053ee8,manasamaddi1,2025-04-14,19:00:16,-07:00,2025-04-14T19:00:16-07:00,2,25
global.js,32,js,00053ee8,manasamaddi1,2025-04-14,19:00:16,-07:00,2025-04-14T19:00:16-07:00,1,0
global.js,33,js,00053ee8,manasamaddi1,2025-04-14,19:00:16,-07:00,2025-04-14T19:00:16-07:00,0,0
global.js,34,js,00053ee8,manasamaddi1,2025-04-14,19:00:16,-07:00,2025-04-14T19:00:16-07:00,1,29
global.js,35,js,00053ee8,manasamaddi1,2025-04-14,19:00:16,-07:00,2025-04-14T19:00:16-07:00,2,18
global.js,36,js,00053ee8,manasamaddi1,2025-04-14,19:00:16,-07:00,2025-04-14T19:00:16-07:00,1,0
global.js,37,js,00053ee8,manasamaddi1,2025-04-14,19:00:16,-07:00,2025-04-14T19:00:16-07:00,0,0
global.js,38,js,53626e8d,manasamaddi1,2025-04-17,18:49:03,-07:00,2025-04-17T18:49:03-07:00,1,17
global.js,39,js,53626e8d,manasamaddi1,2025-04-17,18:49:03,-07:00,2025-04-17T18:49:03-07:00,0,0
global.js,40,js,474aa0d7,manasamaddi1,2025-04-15,11:18:35,-07:00,2025-04-15T11:18:35-07:00,0,0
global.js,41,js,47b89dac,manasamaddi1,2025-04-18,18:46:24,-07:00,2025-04-18T18:46:24-07:00,0,49
global.js,42,js,47b89dac,manasamaddi1,2025-04-18,18:46:24,-07:00,2025-04-18T18:46:24-07:00,0,36
global.js,43,js,47b89dac,manasamaddi1,2025-04-18,18:46:24,-07:00,2025-04-18T18:46:24-07:00,0,22
global.js,44,js,acccdd35,manasamaddi1,2025-04-18,19:24:31,-07:00,2025-04-18T19:24:31-07:00,1,15
global.js,45,js,47b89dac,manasamaddi1,2025-04-18,18:46:24,-07:00,2025-04-18T18:46:24-07:00,1,6
global.js,46,js,47b89dac,manasamaddi1,2025-04-18,18:46:24,-07:00,2025-04-18T18:46:24-07:00,2,43
global.js,47,js,47b89dac,manasamaddi1,2025-04-18,18:46:24,-07:00,2025-04-18T18:46:24-07:00,2,34
global.js,48,js,47b89dac,manasamaddi1,2025-04-18,18:46:24,-07:00,2025-04-18T18:46:24-07:00,2,32
global.js,49,js,47b89dac,manasamaddi1,2025-04-18,18:46:24,-07:00,2025-04-18T18:46:24-07:00,1,7
global.js,50,js,47b89dac,manasamaddi1,2025-04-18,18:46:24,-07:00,2025-04-18T18:46:24-07:00,0,0
global.js,51,js,474aa0d7,manasamaddi1,2025-04-15,11:18:35,-07:00,2025-04-15T11:18:35-07:00,0,0
global.js,52,js,47b89dac,manasamaddi1,2025-04-18,18:46:24,-07:00,2025-04-18T18:46:24-07:00,0,22
global.js,53,js,13fdb856,manasamaddi1,2025-04-18,20:12:11,-07:00,2025-04-18T20:12:11-07:00,0,28
global.js,54,js,13fdb856,manasamaddi1,2025-04-18,20:12:11,-07:00,2025-04-18T20:12:11-07:00,0,32
global.js,55,js,474aa0d7,manasamaddi1,2025-04-15,11:18:35,-07:00,2025-04-15T11:18:35-07:00,0,0
global.js,56,js,474aa0d7,manasamaddi1,2025-04-15,11:18:35,-07:00,2025-04-15T11:18:35-07:00,0,0
global.js,57,js,47b89dac,manasamaddi1,2025-04-18,18:46:24,-07:00,2025-04-18T18:46:24-07:00,0,48
global.js,58,js,3c1dfce3,manasamaddi1,2025-04-17,19:13:45,-07:00,2025-04-17T19:13:45-07:00,0,0
global.js,59,js,47b89dac,manasamaddi1,2025-04-18,18:46:24,-07:00,2025-04-18T18:46:24-07:00,0,36
global.js,60,js,47b89dac,manasamaddi1,2025-04-18,18:46:24,-07:00,2025-04-18T18:46:24-07:00,1,70
global.js,61,js,47b89dac,manasamaddi1,2025-04-18,18:46:24,-07:00,2025-04-18T18:46:24-07:00,1,25
global.js,62,js,47b89dac,manasamaddi1,2025-04-18,18:46:24,-07:00,2025-04-18T18:46:24-07:00,1,37
global.js,63,js,47b89dac,manasamaddi1,2025-04-18,18:46:24,-07:00,2025-04-18T18:46:24-07:00,0,0
global.js,64,js,47b89dac,manasamaddi1,2025-04-18,18:46:24,-07:00,2025-04-18T18:46:24-07:00,0,0
global.js,65,js,47b89dac,manasamaddi1,2025-04-18,18:46:24,-07:00,2025-04-18T18:46:24-07:00,0,34
global.js,66,js,47b89dac,manasamaddi1,2025-04-18,18:46:24,-07:00,2025-04-18T18:46:24-07:00,1,39
global.js,67,js,47b89dac,manasamaddi1,2025-04-18,18:46:24,-07:00,2025-04-18T18:46:24-07:00,0,0
global.js,68,js,47b89dac,manasamaddi1,2025-04-18,18:46:24,-07:00,2025-04-18T18:46:24-07:00,0,0
global.js,69,js,47b89dac,manasamaddi1,2025-04-18,18:46:24,-07:00,2025-04-18T18:46:24-07:00,0,49
global.js,70,js,47b89dac,manasamaddi1,2025-04-18,18:46:24,-07:00,2025-04-18T18:46:24-07:00,1,33
global.js,71,js,47b89dac,manasamaddi1,2025-04-18,18:46:24,-07:00,2025-04-18T18:46:24-07:00,0,1
global.js,72,js,99f98796,manasamaddi1,2025-04-24,23:43:50,-07:00,2025-04-24T23:43:50-07:00,0,0
global.js,73,js,99f98796,manasamaddi1,2025-04-24,23:43:50,-07:00,2025-04-24T23:43:50-07:00,0,0
global.js,74,js,99f98796,manasamaddi1,2025-04-24,23:43:50,-07:00,2025-04-24T23:43:50-07:00,0,0
global.js,75,js,99f98796,manasamaddi1,2025-04-24,23:43:50,-07:00,2025-04-24T23:43:50-07:00,0,0
global.js,76,js,99f98796,manasamaddi1,2025-04-24,23:43:50,-07:00,2025-04-24T23:43:50-07:00,0,36
global.js,77,js,99f98796,manasamaddi1,2025-04-24,23:43:50,-07:00,2025-04-24T23:43:50-07:00,1,3
global.js,78,js,99f98796,manasamaddi1,2025-04-24,23:43:50,-07:00,2025-04-24T23:43:50-07:00,2,32
global.js,79,js,99f98796,manasamaddi1,2025-04-24,23:43:50,-07:00,2025-04-24T23:43:50-07:00,0,0
global.js,80,js,99f98796,manasamaddi1,2025-04-24,23:43:50,-07:00,2025-04-24T23:43:50-07:00,2,17
global.js,81,js,99f98796,manasamaddi1,2025-04-24,23:43:50,-07:00,2025-04-24T23:43:50-07:00,3,66
global.js,82,js,99f98796,manasamaddi1,2025-04-24,23:43:50,-07:00,2025-04-24T23:43:50-07:00,2,0
global.js,83,js,99f98796,manasamaddi1,2025-04-24,23:43:50,-07:00,2025-04-24T23:43:50-07:00,0,0
global.js,84,js,99f98796,manasamaddi1,2025-04-24,23:43:50,-07:00,2025-04-24T23:43:50-07:00,2,33
global.js,85,js,99f98796,manasamaddi1,2025-04-24,23:43:50,-07:00,2025-04-24T23:43:50-07:00,0,0
global.js,86,js,99f98796,manasamaddi1,2025-04-24,23:43:50,-07:00,2025-04-24T23:43:50-07:00,2,33
global.js,87,js,99f98796,manasamaddi1,2025-04-24,23:43:50,-07:00,2025-04-24T23:43:50-07:00,0,0
global.js,88,js,99f98796,manasamaddi1,2025-04-24,23:43:50,-07:00,2025-04-24T23:43:50-07:00,2,10
global.js,89,js,99f98796,manasamaddi1,2025-04-24,23:43:50,-07:00,2025-04-24T23:43:50-07:00,0,0
global.js,90,js,99f98796,manasamaddi1,2025-04-24,23:43:50,-07:00,2025-04-24T23:43:50-07:00,1,15
global.js,91,js,99f98796,manasamaddi1,2025-04-24,23:43:50,-07:00,2025-04-24T23:43:50-07:00,2,59
global.js,92,js,99f98796,manasamaddi1,2025-04-24,23:43:50,-07:00,2025-04-24T23:43:50-07:00,1,0
global.js,93,js,99f98796,manasamaddi1,2025-04-24,23:43:50,-07:00,2025-04-24T23:43:50-07:00,0,0
global.js,94,js,99f98796,manasamaddi1,2025-04-24,23:43:50,-07:00,2025-04-24T23:43:50-07:00,0,0
global.js,95,js,99f98796,manasamaddi1,2025-04-24,23:43:50,-07:00,2025-04-24T23:43:50-07:00,0,0
global.js,96,js,99f98796,manasamaddi1,2025-04-24,23:43:50,-07:00,2025-04-24T23:43:50-07:00,0,0
global.js,97,js,99f98796,manasamaddi1,2025-04-24,23:43:50,-07:00,2025-04-24T23:43:50-07:00,0,79
global.js,98,js,99f98796,manasamaddi1,2025-04-24,23:43:50,-07:00,2025-04-24T23:43:50-07:00,1,22
global.js,99,js,99f98796,manasamaddi1,2025-04-24,23:43:50,-07:00,2025-04-24T23:43:50-07:00,2,44
global.js,100,js,99f98796,manasamaddi1,2025-04-24,23:43:50,-07:00,2025-04-24T23:43:50-07:00,2,5
global.js,101,js,99f98796,manasamaddi1,2025-04-24,23:43:50,-07:00,2025-04-24T23:43:50-07:00,1,0
global.js,102,js,99f98796,manasamaddi1,2025-04-24,23:43:50,-07:00,2025-04-24T23:43:50-07:00,1,30
global.js,103,js,99f98796,manasamaddi1,2025-04-24,23:43:50,-07:00,2025-04-24T23:43:50-07:00,0,0
global.js,104,js,99f98796,manasamaddi1,2025-04-24,23:43:50,-07:00,2025-04-24T23:43:50-07:00,1,31
global.js,105,js,99f98796,manasamaddi1,2025-04-24,23:43:50,-07:00,2025-04-24T23:43:50-07:00,2,48
global.js,106,js,99f98796,manasamaddi1,2025-04-24,23:43:50,-07:00,2025-04-24T23:43:50-07:00,0,0
global.js,107,js,99f98796,manasamaddi1,2025-04-24,23:43:50,-07:00,2025-04-24T23:43:50-07:00,2,52
global.js,108,js,99f98796,manasamaddi1,2025-04-24,23:43:50,-07:00,2025-04-24T23:43:50-07:00,2,35
global.js,109,js,99f98796,manasamaddi1,2025-04-24,23:43:50,-07:00,2025-04-24T23:43:50-07:00,0,0
global.js,110,js,99f98796,manasamaddi1,2025-04-24,23:43:50,-07:00,2025-04-24T23:43:50-07:00,2,42
global.js,111,js,99f98796,manasamaddi1,2025-04-24,23:43:50,-07:00,2025-04-24T23:43:50-07:00,2,65
global.js,112,js,99f98796,manasamaddi1,2025-04-24,23:43:50,-07:00,2025-04-24T23:43:50-07:00,2,24
global.js,113,js,99f98796,manasamaddi1,2025-04-24,23:43:50,-07:00,2025-04-24T23:43:50-07:00,0,0
global.js,114,js,28ef62f7,manasamaddi1,2025-04-26,22:23:16,-07:00,2025-04-26T22:23:16-07:00,2,41
global.js,115,js,28ef62f7,manasamaddi1,2025-04-26,22:23:16,-07:00,2025-04-26T22:23:16-07:00,2,30
global.js,116,js,28ef62f7,manasamaddi1,2025-04-26,22:23:16,-07:00,2025-04-26T22:23:16-07:00,2,50
global.js,117,js,28ef62f7,manasamaddi1,2025-04-26,22:23:16,-07:00,2025-04-26T22:23:16-07:00,0,0
global.js,118,js,99f98796,manasamaddi1,2025-04-24,23:43:50,-07:00,2025-04-24T23:43:50-07:00,2,39
global.js,119,js,28ef62f7,manasamaddi1,2025-04-26,22:23:16,-07:00,2025-04-26T22:23:16-07:00,2,37
global.js,120,js,99f98796,manasamaddi1,2025-04-24,23:43:50,-07:00,2025-04-24T23:43:50-07:00,2,68
global.js,121,js,99f98796,manasamaddi1,2025-04-24,23:43:50,-07:00,2025-04-24T23:43:50-07:00,0,0
global.js,122,js,99f98796,manasamaddi1,2025-04-24,23:43:50,-07:00,2025-04-24T23:43:50-07:00,2,28
global.js,123,js,99f98796,manasamaddi1,2025-04-24,23:43:50,-07:00,2025-04-24T23:43:50-07:00,2,25
global.js,124,js,99f98796,manasamaddi1,2025-04-24,23:43:50,-07:00,2025-04-24T23:43:50-07:00,2,24
global.js,125,js,99f98796,manasamaddi1,2025-04-24,23:43:50,-07:00,2025-04-24T23:43:50-07:00,0,0
global.js,126,js,28ef62f7,manasamaddi1,2025-04-26,22:23:16,-07:00,2025-04-26T22:23:16-07:00,2,28
global.js,127,js,28ef62f7,manasamaddi1,2025-04-26,22:23:16,-07:00,2025-04-26T22:23:16-07:00,2,25
global.js,128,js,28ef62f7,manasamaddi1,2025-04-26,22:23:16,-07:00,2025-04-26T22:23:16-07:00,2,24
global.js,129,js,28ef62f7,manasamaddi1,2025-04-26,22:23:16,-07:00,2025-04-26T22:23:16-07:00,2,24
global.js,130,js,99f98796,manasamaddi1,2025-04-24,23:43:50,-07:00,2025-04-24T23:43:50-07:00,2,36
global.js,131,js,99f98796,manasamaddi1,2025-04-24,23:43:50,-07:00,2025-04-24T23:43:50-07:00,1,0
global.js,132,js,99f98796,manasamaddi1,2025-04-24,23:43:50,-07:00,2025-04-24T23:43:50-07:00,0,0
global.js,133,js,99f98796,manasamaddi1,2025-04-24,23:43:50,-07:00,2025-04-24T23:43:50-07:00,0,0
global.js,134,js,9cb80ae8,manasamaddi1,2025-04-25,00:39:28,-07:00,2025-04-25T00:39:28-07:00,0,47
global.js,135,js,9cb80ae8,manasamaddi1,2025-04-25,00:39:28,-07:00,2025-04-25T00:39:28-07:00,1,59
global.js,136,js,9cb80ae8,manasamaddi1,2025-04-25,00:39:28,-07:00,2025-04-25T00:39:28-07:00,0,0
global.js,137,js,9cb80ae8,manasamaddi1,2025-04-25,00:39:28,-07:00,2025-04-25T00:39:28-07:00,0,0
global.js,138,js,9cb80ae8,manasamaddi1,2025-04-25,00:39:28,-07:00,2025-04-25T00:39:28-07:00,0,0
global.js,139,js,99f98796,manasamaddi1,2025-04-24,23:43:50,-07:00,2025-04-24T23:43:50-07:00,0,0
projects\projects.js,1,js,99f98796,manasamaddi1,2025-04-24,23:43:50,-07:00,2025-04-24T23:43:50-07:00,0,55
projects\projects.js,2,js,d6c6b8f6,manasamaddi1,2025-04-30,23:27:47,-07:00,2025-04-30T23:27:47-07:00,0,63
projects\projects.js,3,js,ccaa98d2,manasamaddi1,2025-05-01,00:21:22,-07:00,2025-05-01T00:21:22-07:00,0,0
projects\projects.js,4,js,c02ee92d,manasamaddi1,2025-05-01,00:58:11,-07:00,2025-05-01T00:58:11-07:00,0,13
projects\projects.js,5,js,e20cecf2,manasamaddi1,2025-05-01,01:02:09,-07:00,2025-05-01T01:02:09-07:00,0,21
projects\projects.js,6,js,99f98796,manasamaddi1,2025-04-24,23:43:50,-07:00,2025-04-24T23:43:50-07:00,0,0
projects\projects.js,7,js,d6c6b8f6,manasamaddi1,2025-04-30,23:27:47,-07:00,2025-04-30T23:27:47-07:00,0,55
projects\projects.js,8,js,d6c6b8f6,manasamaddi1,2025-04-30,23:27:47,-07:00,2025-04-30T23:27:47-07:00,0,60
projects\projects.js,9,js,5f7c09f0,manasamaddi1,2025-04-25,00:14:40,-07:00,2025-04-25T00:14:40-07:00,0,48
projects\projects.js,10,js,99f98796,manasamaddi1,2025-04-24,23:43:50,-07:00,2025-04-24T23:43:50-07:00,0,0
projects\projects.js,11,js,c02ee92d,manasamaddi1,2025-05-01,00:58:11,-07:00,2025-05-01T00:58:11-07:00,0,47
projects\projects.js,12,js,c02ee92d,manasamaddi1,2025-05-01,00:58:11,-07:00,2025-05-01T00:58:11-07:00,0,0
projects\projects.js,13,js,c02ee92d,manasamaddi1,2025-05-01,00:58:11,-07:00,2025-05-01T00:58:11-07:00,0,26
projects\projects.js,14,js,c02ee92d,manasamaddi1,2025-05-01,00:58:11,-07:00,2025-05-01T00:58:11-07:00,1,50
projects\projects.js,15,js,c02ee92d,manasamaddi1,2025-05-01,00:58:11,-07:00,2025-05-01T00:58:11-07:00,1,35
projects\projects.js,16,js,c02ee92d,manasamaddi1,2025-05-01,00:58:11,-07:00,2025-05-01T00:58:11-07:00,1,59
projects\projects.js,17,js,c02ee92d,manasamaddi1,2025-05-01,00:58:11,-07:00,2025-05-01T00:58:11-07:00,1,42
projects\projects.js,18,js,c02ee92d,manasamaddi1,2025-05-01,00:58:11,-07:00,2025-05-01T00:58:11-07:00,1,29
projects\projects.js,19,js,c02ee92d,manasamaddi1,2025-05-01,00:58:11,-07:00,2025-05-01T00:58:11-07:00,0,0
projects\projects.js,20,js,c02ee92d,manasamaddi1,2025-05-01,00:58:11,-07:00,2025-05-01T00:58:11-07:00,1,25
projects\projects.js,21,js,c02ee92d,manasamaddi1,2025-05-01,00:58:11,-07:00,2025-05-01T00:58:11-07:00,2,16
projects\projects.js,22,js,c02ee92d,manasamaddi1,2025-05-01,00:58:11,-07:00,2025-05-01T00:58:11-07:00,3,25
projects\projects.js,23,js,c02ee92d,manasamaddi1,2025-05-01,00:58:11,-07:00,2025-05-01T00:58:11-07:00,3,37
projects\projects.js,24,js,c02ee92d,manasamaddi1,2025-05-01,00:58:11,-07:00,2025-05-01T00:58:11-07:00,3,22
projects\projects.js,25,js,c02ee92d,manasamaddi1,2025-05-01,00:58:11,-07:00,2025-05-01T00:58:11-07:00,3,51
projects\projects.js,26,js,c02ee92d,manasamaddi1,2025-05-01,00:58:11,-07:00,2025-05-01T00:58:11-07:00,3,18
projects\projects.js,27,js,c02ee92d,manasamaddi1,2025-05-01,00:58:11,-07:00,2025-05-01T00:58:11-07:00,4,43
projects\projects.js,28,js,c02ee92d,manasamaddi1,2025-05-01,00:58:11,-07:00,2025-05-01T00:58:11-07:00,4,16
projects\projects.js,29,js,c02ee92d,manasamaddi1,2025-05-01,00:58:11,-07:00,2025-05-01T00:58:11-07:00,4,17
projects\projects.js,30,js,c02ee92d,manasamaddi1,2025-05-01,00:58:11,-07:00,2025-05-01T00:58:11-07:00,4,30
projects\projects.js,31,js,c02ee92d,manasamaddi1,2025-05-01,00:58:11,-07:00,2025-05-01T00:58:11-07:00,3,1
projects\projects.js,32,js,c02ee92d,manasamaddi1,2025-05-01,00:58:11,-07:00,2025-05-01T00:58:11-07:00,1,1
projects\projects.js,33,js,c02ee92d,manasamaddi1,2025-05-01,00:58:11,-07:00,2025-05-01T00:58:11-07:00,0,0
projects\projects.js,34,js,c02ee92d,manasamaddi1,2025-05-01,00:58:11,-07:00,2025-05-01T00:58:11-07:00,1,47
projects\projects.js,35,js,c02ee92d,manasamaddi1,2025-05-01,00:58:11,-07:00,2025-05-01T00:58:11-07:00,0,0
projects\projects.js,36,js,c02ee92d,manasamaddi1,2025-05-01,00:58:11,-07:00,2025-05-01T00:58:11-07:00,0,0
projects\projects.js,37,js,e20cecf2,manasamaddi1,2025-05-01,01:02:09,-07:00,2025-05-01T01:02:09-07:00,0,0
projects\projects.js,38,js,c02ee92d,manasamaddi1,2025-05-01,00:58:11,-07:00,2025-05-01T00:58:11-07:00,0,27
projects\projects.js,39,js,c02ee92d,manasamaddi1,2025-05-01,00:58:11,-07:00,2025-05-01T00:58:11-07:00,1,34
projects\projects.js,40,js,c02ee92d,manasamaddi1,2025-05-01,00:58:11,-07:00,2025-05-01T00:58:11-07:00,1,30
projects\projects.js,41,js,af3c1bf6,manasamaddi1,2025-05-01,00:24:34,-07:00,2025-05-01T00:24:34-07:00,0,0
projects\projects.js,42,js,af3c1bf6,manasamaddi1,2025-05-01,00:24:34,-07:00,2025-05-01T00:24:34-07:00,1,24
projects\projects.js,43,js,af3c1bf6,manasamaddi1,2025-05-01,00:24:34,-07:00,2025-05-01T00:24:34-07:00,2,17
projects\projects.js,44,js,af3c1bf6,manasamaddi1,2025-05-01,00:24:34,-07:00,2025-05-01T00:24:34-07:00,3,38
projects\projects.js,45,js,c02ee92d,manasamaddi1,2025-05-01,00:58:11,-07:00,2025-05-01T00:58:11-07:00,3,70
projects\projects.js,46,js,c02ee92d,manasamaddi1,2025-05-01,00:58:11,-07:00,2025-05-01T00:58:11-07:00,3,68
projects\projects.js,47,js,c02ee92d,manasamaddi1,2025-05-01,00:58:11,-07:00,2025-05-01T00:58:11-07:00,3,18
projects\projects.js,48,js,c02ee92d,manasamaddi1,2025-05-01,00:58:11,-07:00,2025-05-01T00:58:11-07:00,4,47
projects\projects.js,49,js,c02ee92d,manasamaddi1,2025-05-01,00:58:11,-07:00,2025-05-01T00:58:11-07:00,4,16
projects\projects.js,50,js,c02ee92d,manasamaddi1,2025-05-01,00:58:11,-07:00,2025-05-01T00:58:11-07:00,4,17
projects\projects.js,51,js,c02ee92d,manasamaddi1,2025-05-01,00:58:11,-07:00,2025-05-01T00:58:11-07:00,4,30
projects\projects.js,52,js,c02ee92d,manasamaddi1,2025-05-01,00:58:11,-07:00,2025-05-01T00:58:11-07:00,3,1
projects\projects.js,53,js,af3c1bf6,manasamaddi1,2025-05-01,00:24:34,-07:00,2025-05-01T00:24:34-07:00,1,1
projects\projects.js,54,js,c02ee92d,manasamaddi1,2025-05-01,00:58:11,-07:00,2025-05-01T00:58:11-07:00,0,0
projects\projects.js,55,js,af3c1bf6,manasamaddi1,2025-05-01,00:24:34,-07:00,2025-05-01T00:24:34-07:00,0,0
projects\projects.js,56,js,e20cecf2,manasamaddi1,2025-05-01,01:02:09,-07:00,2025-05-01T01:02:09-07:00,0,0
projects\projects.js,57,js,a1c90486,manasamaddi1,2025-05-01,14:26:46,-07:00,2025-05-01T14:26:46-07:00,0,70
projects\projects.js,58,js,c02ee92d,manasamaddi1,2025-05-01,00:58:11,-07:00,2025-05-01T00:58:11-07:00,1,11
projects\projects.js,59,js,c02ee92d,manasamaddi1,2025-05-01,00:58:11,-07:00,2025-05-01T00:58:11-07:00,0,0
projects\projects.js,60,js,c02ee92d,manasamaddi1,2025-05-01,00:58:11,-07:00,2025-05-01T00:58:11-07:00,1,25
projects\projects.js,61,js,a1c90486,manasamaddi1,2025-05-01,14:26:46,-07:00,2025-05-01T14:26:46-07:00,2,43
projects\projects.js,62,js,c02ee92d,manasamaddi1,2025-05-01,00:58:11,-07:00,2025-05-01T00:58:11-07:00,3,59
projects\projects.js,63,js,c02ee92d,manasamaddi1,2025-05-01,00:58:11,-07:00,2025-05-01T00:58:11-07:00,3,28
projects\projects.js,64,js,c02ee92d,manasamaddi1,2025-05-01,00:58:11,-07:00,2025-05-01T00:58:11-07:00,2,1
projects\projects.js,65,js,c02ee92d,manasamaddi1,2025-05-01,00:58:11,-07:00,2025-05-01T00:58:11-07:00,1,6
projects\projects.js,66,js,c02ee92d,manasamaddi1,2025-05-01,00:58:11,-07:00,2025-05-01T00:58:11-07:00,2,50
projects\projects.js,67,js,c02ee92d,manasamaddi1,2025-05-01,00:58:11,-07:00,2025-05-01T00:58:11-07:00,0,0
projects\projects.js,68,js,a1c90486,manasamaddi1,2025-05-01,14:26:46,-07:00,2025-05-01T14:26:46-07:00,2,43
projects\projects.js,69,js,c02ee92d,manasamaddi1,2025-05-01,00:58:11,-07:00,2025-05-01T00:58:11-07:00,3,59
projects\projects.js,70,js,c02ee92d,manasamaddi1,2025-05-01,00:58:11,-07:00,2025-05-01T00:58:11-07:00,3,40
projects\projects.js,71,js,c02ee92d,manasamaddi1,2025-05-01,00:58:11,-07:00,2025-05-01T00:58:11-07:00,3,45
projects\projects.js,72,js,c02ee92d,manasamaddi1,2025-05-01,00:58:11,-07:00,2025-05-01T00:58:11-07:00,3,33
projects\projects.js,73,js,c02ee92d,manasamaddi1,2025-05-01,00:58:11,-07:00,2025-05-01T00:58:11-07:00,2,1
projects\projects.js,74,js,c02ee92d,manasamaddi1,2025-05-01,00:58:11,-07:00,2025-05-01T00:58:11-07:00,1,0
projects\projects.js,75,js,c02ee92d,manasamaddi1,2025-05-01,00:58:11,-07:00,2025-05-01T00:58:11-07:00,0,0
projects\projects.js,76,js,c02ee92d,manasamaddi1,2025-05-01,00:58:11,-07:00,2025-05-01T00:58:11-07:00,1,48
projects\projects.js,77,js,c02ee92d,manasamaddi1,2025-05-01,00:58:11,-07:00,2025-05-01T00:58:11-07:00,0,0
projects\projects.js,78,js,c02ee92d,manasamaddi1,2025-05-01,00:58:11,-07:00,2025-05-01T00:58:11-07:00,1,61
projects\projects.js,79,js,c02ee92d,manasamaddi1,2025-05-01,00:58:11,-07:00,2025-05-01T00:58:11-07:00,1,17
projects\projects.js,80,js,c02ee92d,manasamaddi1,2025-05-01,00:58:11,-07:00,2025-05-01T00:58:11-07:00,2,55
projects\projects.js,81,js,c02ee92d,manasamaddi1,2025-05-01,00:58:11,-07:00,2025-05-01T00:58:11-07:00,1,0
projects\projects.js,82,js,5f7c09f0,manasamaddi1,2025-04-25,00:14:40,-07:00,2025-04-25T00:14:40-07:00,0,0
projects\projects.js,83,js,d6c6b8f6,manasamaddi1,2025-04-30,23:27:47,-07:00,2025-04-30T23:27:47-07:00,0,0
projects\projects.js,84,js,a1c90486,manasamaddi1,2025-05-01,14:26:46,-07:00,2025-05-01T14:26:46-07:00,0,0
projects\projects.js,85,js,c02ee92d,manasamaddi1,2025-05-01,00:58:11,-07:00,2025-05-01T00:58:11-07:00,0,55
projects\projects.js,86,js,a1c90486,manasamaddi1,2025-05-01,14:26:46,-07:00,2025-05-01T14:26:46-07:00,0,0
projects\projects.js,87,js,a1c90486,manasamaddi1,2025-05-01,14:26:46,-07:00,2025-05-01T14:26:46-07:00,0,0
projects\projects.js,88,js,c02ee92d,manasamaddi1,2025-05-01,00:58:11,-07:00,2025-05-01T00:58:11-07:00,0,48
projects\projects.js,89,js,c02ee92d,manasamaddi1,2025-05-01,00:58:11,-07:00,2025-05-01T00:58:11-07:00,1,39
projects\projects.js,90,js,c02ee92d,manasamaddi1,2025-05-01,00:58:11,-07:00,2025-05-01T00:58:11-07:00,0,0
projects\projects.js,91,js,a1c90486,manasamaddi1,2025-05-01,14:26:46,-07:00,2025-05-01T14:26:46-07:00,1,37
projects\projects.js,92,js,a1c90486,manasamaddi1,2025-05-01,14:26:46,-07:00,2025-05-01T14:26:46-07:00,1,59
projects\projects.js,93,js,a1c90486,manasamaddi1,2025-05-01,14:26:46,-07:00,2025-05-01T14:26:46-07:00,2,59
projects\projects.js,94,js,a1c90486,manasamaddi1,2025-05-01,14:26:46,-07:00,2025-05-01T14:26:46-07:00,2,28
projects\projects.js,95,js,a1c90486,manasamaddi1,2025-05-01,14:26:46,-07:00,2025-05-01T14:26:46-07:00,1,1
projects\projects.js,96,js,a1c90486,manasamaddi1,2025-05-01,14:26:46,-07:00,2025-05-01T14:26:46-07:00,0,0
projects\projects.js,97,js,c02ee92d,manasamaddi1,2025-05-01,00:58:11,-07:00,2025-05-01T00:58:11-07:00,1,28
projects\projects.js,98,js,a1c90486,manasamaddi1,2025-05-01,14:26:46,-07:00,2025-05-01T14:26:46-07:00,2,21
projects\projects.js,99,js,c02ee92d,manasamaddi1,2025-05-01,00:58:11,-07:00,2025-05-01T00:58:11-07:00,2,12
projects\projects.js,100,js,c02ee92d,manasamaddi1,2025-05-01,00:58:11,-07:00,2025-05-01T00:58:11-07:00,2,9
projects\projects.js,101,js,c02ee92d,manasamaddi1,2025-05-01,00:58:11,-07:00,2025-05-01T00:58:11-07:00,1,28
projects\projects.js,102,js,c02ee92d,manasamaddi1,2025-05-01,00:58:11,-07:00,2025-05-01T00:58:11-07:00,0,0
projects\projects.js,103,js,a1c90486,manasamaddi1,2025-05-01,14:26:46,-07:00,2025-05-01T14:26:46-07:00,1,47
projects\projects.js,104,js,a1c90486,manasamaddi1,2025-05-01,14:26:46,-07:00,2025-05-01T14:26:46-07:00,2,11
projects\projects.js,105,js,a1c90486,manasamaddi1,2025-05-01,14:26:46,-07:00,2025-05-01T14:26:46-07:00,2,9
projects\projects.js,106,js,a1c90486,manasamaddi1,2025-05-01,14:26:46,-07:00,2025-05-01T14:26:46-07:00,1,2
projects\projects.js,107,js,c02ee92d,manasamaddi1,2025-05-01,00:58:11,-07:00,2025-05-01T00:58:11-07:00,0,0
projects\projects.js,108,js,c02ee92d,manasamaddi1,2025-05-01,00:58:11,-07:00,2025-05-01T00:58:11-07:00,1,16
projects\projects.js,109,js,c02ee92d,manasamaddi1,2025-05-01,00:58:11,-07:00,2025-05-01T00:58:11-07:00,1,17
projects\projects.js,110,js,a1c90486,manasamaddi1,2025-05-01,14:26:46,-07:00,2025-05-01T14:26:46-07:00,1,78
projects\projects.js,111,js,c02ee92d,manasamaddi1,2025-05-01,00:58:11,-07:00,2025-05-01T00:58:11-07:00,0,1
projects\projects.js,112,js,d6c6b8f6,manasamaddi1,2025-04-30,23:27:47,-07:00,2025-04-30T23:27:47-07:00,0,0
projects\projects.js,113,js,e20cecf2,manasamaddi1,2025-05-01,01:02:09,-07:00,2025-05-01T01:02:09-07:00,0,0
projects\projects.js,114,js,a1c90486,manasamaddi1,2025-05-01,14:26:46,-07:00,2025-05-01T14:26:46-07:00,0,0
projects\projects.js,115,js,a1c90486,manasamaddi1,2025-05-01,14:26:46,-07:00,2025-05-01T14:26:46-07:00,0,0
projects\projects.js,116,js,a1c90486,manasamaddi1,2025-05-01,14:26:46,-07:00,2025-05-01T14:26:46-07:00,0,0
projects\projects.js,117,js,a1c90486,manasamaddi1,2025-05-01,14:26:46,-07:00,2025-05-01T14:26:46-07:00,0,0
projects\projects.js,118,js,c02ee92d,manasamaddi1,2025-05-01,00:58:11,-07:00,2025-05-01T00:58:11-07:00,0,24
projects\projects.js,119,js,ccaa98d2,manasamaddi1,2025-05-01,00:21:22,-07:00,2025-05-01T00:21:22-07:00,1,7
projects\projects.js,120,js,c02ee92d,manasamaddi1,2025-05-01,00:58:11,-07:00,2025-05-01T00:58:11-07:00,1,12
projects\projects.js,121,js,c02ee92d,manasamaddi1,2025-05-01,00:58:11,-07:00,2025-05-01T00:58:11-07:00,1,9
projects\projects.js,122,js,c02ee92d,manasamaddi1,2025-05-01,00:58:11,-07:00,2025-05-01T00:58:11-07:00,0,28
projects\projects.js,123,js,ccaa98d2,manasamaddi1,2025-05-01,00:21:22,-07:00,2025-05-01T00:21:22-07:00,0,0
projects\projects.js,124,js,c02ee92d,manasamaddi1,2025-05-01,00:58:11,-07:00,2025-05-01T00:58:11-07:00,0,50
projects\projects.js,125,js,ccaa98d2,manasamaddi1,2025-05-01,00:21:22,-07:00,2025-05-01T00:21:22-07:00,1,11
projects\projects.js,126,js,ccaa98d2,manasamaddi1,2025-05-01,00:21:22,-07:00,2025-05-01T00:21:22-07:00,1,9
projects\projects.js,127,js,ccaa98d2,manasamaddi1,2025-05-01,00:21:22,-07:00,2025-05-01T00:21:22-07:00,0,2
projects\projects.js,128,js,ccaa98d2,manasamaddi1,2025-05-01,00:21:22,-07:00,2025-05-01T00:21:22-07:00,0,0
projects\projects.js,129,js,c02ee92d,manasamaddi1,2025-05-01,00:58:11,-07:00,2025-05-01T00:58:11-07:00,0,23
projects\projects.js,130,js,c02ee92d,manasamaddi1,2025-05-01,00:58:11,-07:00,2025-05-01T00:58:11-07:00,0,24
projects\projects.js,131,js,c02ee92d,manasamaddi1,2025-05-01,00:58:11,-07:00,2025-05-01T00:58:11-07:00,0,37
projects\projects.js,132,js,d6c6b8f6,manasamaddi1,2025-04-30,23:27:47,-07:00,2025-04-30T23:27:47-07:00,0,0
projects\projects.js,133,js,e20cecf2,manasamaddi1,2025-05-01,01:02:09,-07:00,2025-05-01T01:02:09-07:00,0,0
projects\projects.js,134,js,c02ee92d,manasamaddi1,2025-05-01,00:58:11,-07:00,2025-05-01T00:58:11-07:00,0,61
projects\projects.js,135,js,c02ee92d,manasamaddi1,2025-05-01,00:58:11,-07:00,2025-05-01T00:58:11-07:00,0,17
projects\projects.js,136,js,c02ee92d,manasamaddi1,2025-05-01,00:58:11,-07:00,2025-05-01T00:58:11-07:00,1,55
projects\projects.js,137,js,c02ee92d,manasamaddi1,2025-05-01,00:58:11,-07:00,2025-05-01T00:58:11-07:00,0,0
projects\index.html,1,html,aeef805a,manasamaddi1,2025-04-03,22:53:15,-07:00,2025-04-03T22:53:15-07:00,0,13
projects\index.html,2,html,aeef805a,manasamaddi1,2025-04-03,22:53:15,-07:00,2025-04-03T22:53:15-07:00,0,14
projects\index.html,3,html,aeef805a,manasamaddi1,2025-04-03,22:53:15,-07:00,2025-04-03T22:53:15-07:00,0,4
projects\index.html,4,html,9d24f173,manasamaddi1,2025-04-25,00:01:35,-07:00,2025-04-25T00:01:35-07:00,1,22
projects\index.html,5,html,9d24f173,manasamaddi1,2025-04-25,00:01:35,-07:00,2025-04-25T00:01:35-07:00,1,70
projects\index.html,6,html,aeef805a,manasamaddi1,2025-04-03,22:53:15,-07:00,2025-04-03T22:53:15-07:00,1,36
projects\index.html,7,html,9d24f173,manasamaddi1,2025-04-25,00:01:35,-07:00,2025-04-25T00:01:35-07:00,1,43
projects\index.html,8,html,d6c6b8f6,manasamaddi1,2025-04-30,23:27:47,-07:00,2025-04-30T23:27:47-07:00,0,0
projects\index.html,9,html,d6c6b8f6,manasamaddi1,2025-04-30,23:27:47,-07:00,2025-04-30T23:27:47-07:00,1,0
projects\index.html,10,html,aeef805a,manasamaddi1,2025-04-03,22:53:15,-07:00,2025-04-03T22:53:15-07:00,0,5
projects\index.html,11,html,aeef805a,manasamaddi1,2025-04-03,22:53:15,-07:00,2025-04-03T22:53:15-07:00,0,4
projects\index.html,12,html,aeef805a,manasamaddi1,2025-04-03,22:53:15,-07:00,2025-04-03T22:53:15-07:00,0,0
projects\index.html,13,html,5f7c09f0,manasamaddi1,2025-04-25,00:14:40,-07:00,2025-04-25T00:14:40-07:00,1,38
projects\index.html,14,html,9d24f173,manasamaddi1,2025-04-25,00:01:35,-07:00,2025-04-25T00:01:35-07:00,0,0
projects\index.html,15,html,e20cecf2,manasamaddi1,2025-05-01,01:02:09,-07:00,2025-05-01T01:02:09-07:00,0,0
projects\index.html,16,html,e4ce4478,manasamaddi1,2025-05-01,00:13:30,-07:00,2025-05-01T00:13:30-07:00,2,21
projects\index.html,17,html,e4ce4478,manasamaddi1,2025-05-01,00:13:30,-07:00,2025-05-01T00:13:30-07:00,3,54
projects\index.html,18,html,e4ce4478,manasamaddi1,2025-05-01,00:13:30,-07:00,2025-05-01T00:13:30-07:00,3,22
projects\index.html,19,html,e4ce4478,manasamaddi1,2025-05-01,00:13:30,-07:00,2025-05-01T00:13:30-07:00,2,4
projects\index.html,20,html,ccaa98d2,manasamaddi1,2025-05-01,00:21:22,-07:00,2025-05-01T00:21:22-07:00,0,0
projects\index.html,21,html,ccaa98d2,manasamaddi1,2025-05-01,00:21:22,-07:00,2025-05-01T00:21:22-07:00,2,4
projects\index.html,22,html,ccaa98d2,manasamaddi1,2025-05-01,00:21:22,-07:00,2025-05-01T00:21:22-07:00,1,15
projects\index.html,23,html,ccaa98d2,manasamaddi1,2025-05-01,00:21:22,-07:00,2025-05-01T00:21:22-07:00,1,11
projects\index.html,24,html,ccaa98d2,manasamaddi1,2025-05-01,00:21:22,-07:00,2025-05-01T00:21:22-07:00,1,26
projects\index.html,25,html,ccaa98d2,manasamaddi1,2025-05-01,00:21:22,-07:00,2025-05-01T00:21:22-07:00,1,31
projects\index.html,26,html,ccaa98d2,manasamaddi1,2025-05-01,00:21:22,-07:00,2025-05-01T00:21:22-07:00,0,0
projects\index.html,27,html,ccaa98d2,manasamaddi1,2025-05-01,00:21:22,-07:00,2025-05-01T00:21:22-07:00,0,0
projects\index.html,28,html,e4ce4478,manasamaddi1,2025-05-01,00:13:30,-07:00,2025-05-01T00:13:30-07:00,2,0
projects\index.html,29,html,d6c6b8f6,manasamaddi1,2025-04-30,23:27:47,-07:00,2025-04-30T23:27:47-07:00,0,0
projects\index.html,30,html,99f98796,manasamaddi1,2025-04-24,23:43:50,-07:00,2025-04-24T23:43:50-07:00,1,26
projects\index.html,31,html,aeef805a,manasamaddi1,2025-04-03,22:53:15,-07:00,2025-04-03T22:53:15-07:00,0,0
projects\index.html,32,html,5a4455ea,manasamaddi1,2025-04-14,18:22:43,-07:00,2025-04-14T18:22:43-07:00,1,48
projects\index.html,33,html,99f98796,manasamaddi1,2025-04-24,23:43:50,-07:00,2025-04-24T23:43:50-07:00,1,47
projects\index.html,34,html,99f98796,manasamaddi1,2025-04-24,23:43:50,-07:00,2025-04-24T23:43:50-07:00,0,0
projects\index.html,35,html,aeef805a,manasamaddi1,2025-04-03,22:53:15,-07:00,2025-04-03T22:53:15-07:00,0,5
projects\index.html,36,html,aeef805a,manasamaddi1,2025-04-03,22:53:15,-07:00,2025-04-03T22:53:15-07:00,0,5
meta\index.html,1,html,9e0b7b38,manasamaddi1,2025-05-09,17:09:50,-07:00,2025-05-09T17:09:50-07:00,0,13
meta\index.html,2,html,9e0b7b38,manasamaddi1,2025-05-09,17:09:50,-07:00,2025-05-09T17:09:50-07:00,0,14
meta\index.html,3,html,9e0b7b38,manasamaddi1,2025-05-09,17:09:50,-07:00,2025-05-09T17:09:50-07:00,0,4
meta\index.html,4,html,9e0b7b38,manasamaddi1,2025-05-09,17:09:50,-07:00,2025-05-09T17:09:50-07:00,1,22
meta\index.html,5,html,9e0b7b38,manasamaddi1,2025-05-09,17:09:50,-07:00,2025-05-09T17:09:50-07:00,1,70
meta\index.html,6,html,9e0b7b38,manasamaddi1,2025-05-09,17:09:50,-07:00,2025-05-09T17:09:50-07:00,1,32
meta\index.html,7,html,9e0b7b38,manasamaddi1,2025-05-09,17:09:50,-07:00,2025-05-09T17:09:50-07:00,1,43
meta\index.html,8,html,9e0b7b38,manasamaddi1,2025-05-09,17:09:50,-07:00,2025-05-09T17:09:50-07:00,1,54
meta\index.html,9,html,9e0b7b38,manasamaddi1,2025-05-09,17:09:50,-07:00,2025-05-09T17:09:50-07:00,0,5
meta\index.html,10,html,9e0b7b38,manasamaddi1,2025-05-09,17:09:50,-07:00,2025-05-09T17:09:50-07:00,0,4
meta\index.html,11,html,9e0b7b38,manasamaddi1,2025-05-09,17:09:50,-07:00,2025-05-09T17:09:50-07:00,1,11
meta\index.html,12,html,9e0b7b38,manasamaddi1,2025-05-09,17:09:50,-07:00,2025-05-09T17:09:50-07:00,1,61
meta\index.html,13,html,9e0b7b38,manasamaddi1,2025-05-09,17:09:50,-07:00,2025-05-09T17:09:50-07:00,0,5
meta\index.html,14,html,9e0b7b38,manasamaddi1,2025-05-09,17:09:50,-07:00,2025-05-09T17:09:50-07:00,0,5
cv\index.html,1,html,c4f0cb20,manasamaddi1,2025-04-04,00:00:12,-07:00,2025-04-04T00:00:12-07:00,0,13
cv\index.html,2,html,c4f0cb20,manasamaddi1,2025-04-04,00:00:12,-07:00,2025-04-04T00:00:12-07:00,0,14
cv\index.html,3,html,c4f0cb20,manasamaddi1,2025-04-04,00:00:12,-07:00,2025-04-04T00:00:12-07:00,0,4
cv\index.html,4,html,c4f0cb20,manasamaddi1,2025-04-04,00:00:12,-07:00,2025-04-04T00:00:12-07:00,1,22
cv\index.html,5,html,c4f0cb20,manasamaddi1,2025-04-04,00:00:12,-07:00,2025-04-04T00:00:12-07:00,1,70
cv\index.html,6,html,c4f0cb20,manasamaddi1,2025-04-04,00:00:12,-07:00,2025-04-04T00:00:12-07:00,1,34
cv\index.html,7,html,c4f0cb20,manasamaddi1,2025-04-04,00:00:12,-07:00,2025-04-04T00:00:12-07:00,1,43
cv\index.html,8,html,c4f0cb20,manasamaddi1,2025-04-04,00:00:12,-07:00,2025-04-04T00:00:12-07:00,0,5
cv\index.html,9,html,c4f0cb20,manasamaddi1,2025-04-04,00:00:12,-07:00,2025-04-04T00:00:12-07:00,0,4
cv\index.html,10,html,27e1cf46,manasamaddi1,2025-04-04,18:48:58,-07:00,2025-04-04T18:48:58-07:00,0,0
cv\index.html,11,html,c4f0cb20,manasamaddi1,2025-04-04,00:00:12,-07:00,2025-04-04T00:00:12-07:00,0,0
cv\index.html,12,html,f90b833b,manasamaddi1,2025-04-14,18:27:30,-07:00,2025-04-14T18:27:30-07:00,1,8
cv\index.html,13,html,c4f0cb20,manasamaddi1,2025-04-04,00:00:12,-07:00,2025-04-04T00:00:12-07:00,2,32
cv\index.html,14,html,c4f0cb20,manasamaddi1,2025-04-04,00:00:12,-07:00,2025-04-04T00:00:12-07:00,2,45
cv\index.html,15,html,c4f0cb20,manasamaddi1,2025-04-04,00:00:12,-07:00,2025-04-04T00:00:12-07:00,2,43
cv\index.html,16,html,f90b833b,manasamaddi1,2025-04-14,18:27:30,-07:00,2025-04-14T18:27:30-07:00,2,31
cv\index.html,17,html,8462b09f,manasamaddi1,2025-04-04,18:51:28,-07:00,2025-04-04T18:51:28-07:00,2,66
cv\index.html,18,html,27e1cf46,manasamaddi1,2025-04-04,18:48:58,-07:00,2025-04-04T18:48:58-07:00,0,0
cv\index.html,19,html,f90b833b,manasamaddi1,2025-04-14,18:27:30,-07:00,2025-04-14T18:27:30-07:00,1,8
cv\index.html,20,html,f90b833b,manasamaddi1,2025-04-14,18:27:30,-07:00,2025-04-14T18:27:30-07:00,0,0
cv\index.html,21,html,f90b833b,manasamaddi1,2025-04-14,18:27:30,-07:00,2025-04-14T18:27:30-07:00,0,0
cv\index.html,22,html,27e1cf46,manasamaddi1,2025-04-04,18:48:58,-07:00,2025-04-04T18:48:58-07:00,1,13
cv\index.html,23,html,c4f0cb20,manasamaddi1,2025-04-04,00:00:12,-07:00,2025-04-04T00:00:12-07:00,0,0
cv\index.html,24,html,c4f0cb20,manasamaddi1,2025-04-04,00:00:12,-07:00,2025-04-04T00:00:12-07:00,1,7
cv\index.html,25,html,c4f0cb20,manasamaddi1,2025-04-04,00:00:12,-07:00,2025-04-04T00:00:12-07:00,2,16
cv\index.html,26,html,c4f0cb20,manasamaddi1,2025-04-04,00:00:12,-07:00,2025-04-04T00:00:12-07:00,2,7
cv\index.html,27,html,c4f0cb20,manasamaddi1,2025-04-04,00:00:12,-07:00,2025-04-04T00:00:12-07:00,3,67
cv\index.html,28,html,c4f0cb20,manasamaddi1,2025-04-04,00:00:12,-07:00,2025-04-04T00:00:12-07:00,3,78
cv\index.html,29,html,c4f0cb20,manasamaddi1,2025-04-04,00:00:12,-07:00,2025-04-04T00:00:12-07:00,3,100
cv\index.html,30,html,c4f0cb20,manasamaddi1,2025-04-04,00:00:12,-07:00,2025-04-04T00:00:12-07:00,2,8
cv\index.html,31,html,c4f0cb20,manasamaddi1,2025-04-04,00:00:12,-07:00,2025-04-04T00:00:12-07:00,1,8
cv\index.html,32,html,c4f0cb20,manasamaddi1,2025-04-04,00:00:12,-07:00,2025-04-04T00:00:12-07:00,0,0
cv\index.html,33,html,c4f0cb20,manasamaddi1,2025-04-04,00:00:12,-07:00,2025-04-04T00:00:12-07:00,1,7
cv\index.html,34,html,c4f0cb20,manasamaddi1,2025-04-04,00:00:12,-07:00,2025-04-04T00:00:12-07:00,2,23
cv\index.html,35,html,c4f0cb20,manasamaddi1,2025-04-04,00:00:12,-07:00,2025-04-04T00:00:12-07:00,2,2
cv\index.html,36,html,c4f0cb20,manasamaddi1,2025-04-04,00:00:12,-07:00,2025-04-04T00:00:12-07:00,3,57
cv\index.html,37,html,c4f0cb20,manasamaddi1,2025-04-04,00:00:12,-07:00,2025-04-04T00:00:12-07:00,3,64
cv\index.html,38,html,c4f0cb20,manasamaddi1,2025-04-04,00:00:12,-07:00,2025-04-04T00:00:12-07:00,3,65
cv\index.html,39,html,c4f0cb20,manasamaddi1,2025-04-04,00:00:12,-07:00,2025-04-04T00:00:12-07:00,2,3
cv\index.html,40,html,c4f0cb20,manasamaddi1,2025-04-04,00:00:12,-07:00,2025-04-04T00:00:12-07:00,1,8
cv\index.html,41,html,c4f0cb20,manasamaddi1,2025-04-04,00:00:12,-07:00,2025-04-04T00:00:12-07:00,0,0
cv\index.html,42,html,c4f0cb20,manasamaddi1,2025-04-04,00:00:12,-07:00,2025-04-04T00:00:12-07:00,1,7
cv\index.html,43,html,c4f0cb20,manasamaddi1,2025-04-04,00:00:12,-07:00,2025-04-04T00:00:12-07:00,2,17
cv\index.html,44,html,c4f0cb20,manasamaddi1,2025-04-04,00:00:12,-07:00,2025-04-04T00:00:12-07:00,0,0
cv\index.html,45,html,c4f0cb20,manasamaddi1,2025-04-04,00:00:12,-07:00,2025-04-04T00:00:12-07:00,2,7
cv\index.html,46,html,c4f0cb20,manasamaddi1,2025-04-04,00:00:12,-07:00,2025-04-04T00:00:12-07:00,3,67
cv\index.html,47,html,c4f0cb20,manasamaddi1,2025-04-04,00:00:12,-07:00,2025-04-04T00:00:12-07:00,3,95
cv\index.html,48,html,c4f0cb20,manasamaddi1,2025-04-04,00:00:12,-07:00,2025-04-04T00:00:12-07:00,3,2
cv\index.html,49,html,c4f0cb20,manasamaddi1,2025-04-04,00:00:12,-07:00,2025-04-04T00:00:12-07:00,4,85
cv\index.html,50,html,c4f0cb20,manasamaddi1,2025-04-04,00:00:12,-07:00,2025-04-04T00:00:12-07:00,4,93
cv\index.html,51,html,c4f0cb20,manasamaddi1,2025-04-04,00:00:12,-07:00,2025-04-04T00:00:12-07:00,3,3
cv\index.html,52,html,c4f0cb20,manasamaddi1,2025-04-04,00:00:12,-07:00,2025-04-04T00:00:12-07:00,2,8
cv\index.html,53,html,c4f0cb20,manasamaddi1,2025-04-04,00:00:12,-07:00,2025-04-04T00:00:12-07:00,0,0
cv\index.html,54,html,c4f0cb20,manasamaddi1,2025-04-04,00:00:12,-07:00,2025-04-04T00:00:12-07:00,2,7
cv\index.html,55,html,c4f0cb20,manasamaddi1,2025-04-04,00:00:12,-07:00,2025-04-04T00:00:12-07:00,3,81
cv\index.html,56,html,c4f0cb20,manasamaddi1,2025-04-04,00:00:12,-07:00,2025-04-04T00:00:12-07:00,3,56
cv\index.html,57,html,c4f0cb20,manasamaddi1,2025-04-04,00:00:12,-07:00,2025-04-04T00:00:12-07:00,3,2
cv\index.html,58,html,c4f0cb20,manasamaddi1,2025-04-04,00:00:12,-07:00,2025-04-04T00:00:12-07:00,4,80
cv\index.html,59,html,c4f0cb20,manasamaddi1,2025-04-04,00:00:12,-07:00,2025-04-04T00:00:12-07:00,4,80
cv\index.html,60,html,c4f0cb20,manasamaddi1,2025-04-04,00:00:12,-07:00,2025-04-04T00:00:12-07:00,3,3
cv\index.html,61,html,c4f0cb20,manasamaddi1,2025-04-04,00:00:12,-07:00,2025-04-04T00:00:12-07:00,2,8
cv\index.html,62,html,c4f0cb20,manasamaddi1,2025-04-04,00:00:12,-07:00,2025-04-04T00:00:12-07:00,1,8
cv\index.html,63,html,c4f0cb20,manasamaddi1,2025-04-04,00:00:12,-07:00,2025-04-04T00:00:12-07:00,0,0
cv\index.html,64,html,c4f0cb20,manasamaddi1,2025-04-04,00:00:12,-07:00,2025-04-04T00:00:12-07:00,1,7
cv\index.html,65,html,c4f0cb20,manasamaddi1,2025-04-04,00:00:12,-07:00,2025-04-04T00:00:12-07:00,2,28
cv\index.html,66,html,c4f0cb20,manasamaddi1,2025-04-04,00:00:12,-07:00,2025-04-04T00:00:12-07:00,2,7
cv\index.html,67,html,c4f0cb20,manasamaddi1,2025-04-04,00:00:12,-07:00,2025-04-04T00:00:12-07:00,3,57
cv\index.html,68,html,c4f0cb20,manasamaddi1,2025-04-04,00:00:12,-07:00,2025-04-04T00:00:12-07:00,3,2
cv\index.html,69,html,c4f0cb20,manasamaddi1,2025-04-04,00:00:12,-07:00,2025-04-04T00:00:12-07:00,4,85
cv\index.html,70,html,c4f0cb20,manasamaddi1,2025-04-04,00:00:12,-07:00,2025-04-04T00:00:12-07:00,4,88
cv\index.html,71,html,c4f0cb20,manasamaddi1,2025-04-04,00:00:12,-07:00,2025-04-04T00:00:12-07:00,3,3
cv\index.html,72,html,c4f0cb20,manasamaddi1,2025-04-04,00:00:12,-07:00,2025-04-04T00:00:12-07:00,2,8
cv\index.html,73,html,c4f0cb20,manasamaddi1,2025-04-04,00:00:12,-07:00,2025-04-04T00:00:12-07:00,1,8
cv\index.html,74,html,c4f0cb20,manasamaddi1,2025-04-04,00:00:12,-07:00,2025-04-04T00:00:12-07:00,0,0
cv\index.html,75,html,c4f0cb20,manasamaddi1,2025-04-04,00:00:12,-07:00,2025-04-04T00:00:12-07:00,1,7
cv\index.html,76,html,c4f0cb20,manasamaddi1,2025-04-04,00:00:12,-07:00,2025-04-04T00:00:12-07:00,2,15
cv\index.html,77,html,c4f0cb20,manasamaddi1,2025-04-04,00:00:12,-07:00,2025-04-04T00:00:12-07:00,2,7
cv\index.html,78,html,c4f0cb20,manasamaddi1,2025-04-04,00:00:12,-07:00,2025-04-04T00:00:12-07:00,3,159
cv\index.html,79,html,c4f0cb20,manasamaddi1,2025-04-04,00:00:12,-07:00,2025-04-04T00:00:12-07:00,3,181
cv\index.html,80,html,c4f0cb20,manasamaddi1,2025-04-04,00:00:12,-07:00,2025-04-04T00:00:12-07:00,2,8
cv\index.html,81,html,c4f0cb20,manasamaddi1,2025-04-04,00:00:12,-07:00,2025-04-04T00:00:12-07:00,1,8
cv\index.html,82,html,5a4455ea,manasamaddi1,2025-04-14,18:22:43,-07:00,2025-04-14T18:22:43-07:00,0,0
cv\index.html,83,html,5a4455ea,manasamaddi1,2025-04-14,18:22:43,-07:00,2025-04-14T18:22:43-07:00,1,48
cv\index.html,84,html,f90b833b,manasamaddi1,2025-04-14,18:27:30,-07:00,2025-04-14T18:27:30-07:00,0,0
cv\index.html,85,html,c4f0cb20,manasamaddi1,2025-04-04,00:00:12,-07:00,2025-04-04T00:00:12-07:00,0,5
cv\index.html,86,html,c4f0cb20,manasamaddi1,2025-04-04,00:00:12,-07:00,2025-04-04T00:00:12-07:00,0,5
contact\index.html,1,html,aeef805a,manasamaddi1,2025-04-03,22:53:15,-07:00,2025-04-03T22:53:15-07:00,0,13
contact\index.html,2,html,aeef805a,manasamaddi1,2025-04-03,22:53:15,-07:00,2025-04-03T22:53:15-07:00,0,14
contact\index.html,3,html,aeef805a,manasamaddi1,2025-04-03,22:53:15,-07:00,2025-04-03T22:53:15-07:00,0,4
contact\index.html,4,html,aeef805a,manasamaddi1,2025-04-03,22:53:15,-07:00,2025-04-03T22:53:15-07:00,1,22
contact\index.html,5,html,aeef805a,manasamaddi1,2025-04-03,22:53:15,-07:00,2025-04-03T22:53:15-07:00,1,70
contact\index.html,6,html,aeef805a,manasamaddi1,2025-04-03,22:53:15,-07:00,2025-04-03T22:53:15-07:00,1,35
contact\index.html,7,html,aeef805a,manasamaddi1,2025-04-03,22:53:15,-07:00,2025-04-03T22:53:15-07:00,1,43
contact\index.html,8,html,aeef805a,manasamaddi1,2025-04-03,22:53:15,-07:00,2025-04-03T22:53:15-07:00,0,5
contact\index.html,9,html,aeef805a,manasamaddi1,2025-04-03,22:53:15,-07:00,2025-04-03T22:53:15-07:00,0,4
contact\index.html,10,html,0889907c,manasamaddi1,2025-04-09,18:19:50,-07:00,2025-04-09T18:19:50-07:00,1,17
contact\index.html,11,html,aeef805a,manasamaddi1,2025-04-03,22:53:15,-07:00,2025-04-03T22:53:15-07:00,0,0
contact\index.html,12,html,1e60e7b8,manasamaddi1,2025-04-18,12:40:39,-07:00,2025-04-18T12:40:39-07:00,1,67
contact\index.html,13,html,896ef333,manasamaddi1,2025-04-18,12:31:36,-07:00,2025-04-18T12:31:36-07:00,0,0
contact\index.html,14,html,0889907c,manasamaddi1,2025-04-09,18:19:50,-07:00,2025-04-09T18:19:50-07:00,2,35
contact\index.html,15,html,474aa0d7,manasamaddi1,2025-04-15,11:18:35,-07:00,2025-04-15T11:18:35-07:00,2,54
contact\index.html,16,html,53626e8d,manasamaddi1,2025-04-17,18:49:03,-07:00,2025-04-17T18:49:03-07:00,0,0
contact\index.html,17,html,0889907c,manasamaddi1,2025-04-09,18:19:50,-07:00,2025-04-09T18:19:50-07:00,2,35
contact\index.html,18,html,3c1dfce3,manasamaddi1,2025-04-17,19:13:45,-07:00,2025-04-17T19:13:45-07:00,2,56
contact\index.html,19,html,53626e8d,manasamaddi1,2025-04-17,18:49:03,-07:00,2025-04-17T18:49:03-07:00,0,0
contact\index.html,20,html,0889907c,manasamaddi1,2025-04-09,18:19:50,-07:00,2025-04-09T18:19:50-07:00,2,33
contact\index.html,21,html,aeef805a,manasamaddi1,2025-04-03,22:53:15,-07:00,2025-04-03T22:53:15-07:00,1,5
contact\index.html,22,html,5a4455ea,manasamaddi1,2025-04-14,18:22:43,-07:00,2025-04-14T18:22:43-07:00,0,0
contact\index.html,23,html,5a4455ea,manasamaddi1,2025-04-14,18:22:43,-07:00,2025-04-14T18:22:43-07:00,1,48
contact\index.html,24,html,aeef805a,manasamaddi1,2025-04-03,22:53:15,-07:00,2025-04-03T22:53:15-07:00,0,5
contact\index.html,25,html,aeef805a,manasamaddi1,2025-04-03,22:53:15,-07:00,2025-04-03T22:53:15-07:00,0,5
